employee_id,year_month,base_salary,overtime_hours,overtime_pay,bonus,pf,tax,insurance,loan_deduction,gross_salary,total_deductions,net_salary,created_at
1,2025-06,63158.0,3,1184.21,1000.0,7578.96,7578.96,1000.0,2000.0,65342.21,18157.92,47184.29,2025-09-17 23:22:34
2,2025-06,67194.0,3,1259.89,0.0,8063.28,8063.28,1000.0,0.0,68453.89,17126.56,51327.33,2025-09-17 23:22:34
3,2025-06,41023.0,7,1794.76,0.0,4922.76,4922.76,1000.0,5000.0,42817.76,15845.52,26972.24,2025-09-17 23:22:34
4,2025-06,32433.0,4,810.83,500.0,3891.96,3891.96,500.0,0.0,33743.83,8283.92,25459.91,2025-09-17 23:22:34
5,2025-06,53693.0,8,2684.65,1000.0,6443.16,6443.16,1000.0,5000.0,57377.65,18886.32,38491.33,2025-09-17 23:22:34
6,2025-06,70658.0,6,2649.68,0.0,8478.96,14131.6,1000.0,0.0,73307.68,23610.56,49697.12,2025-09-17 23:22:34
7,2025-06,44118.0,4,1102.95,0.0,5294.16,5294.16,1000.0,0.0,45220.95,11588.32,33632.63,2025-09-17 23:22:34
8,2025-06,75680.0,1,473.0,0.0,9081.6,15136.0,1000.0,0.0,76153.0,25217.6,50935.4,2025-09-17 23:22:34
9,2025-06,42502.0,7,1859.46,500.0,5100.24,5100.24,1000.0,0.0,44861.46,11200.48,33660.98,2025-09-17 23:22:34
10,2025-06,33433.0,3,626.87,0.0,4011.96,4011.96,500.0,0.0,34059.87,8523.92,25535.95,2025-09-17 23:22:34
11,2025-06,51483.0,4,1287.08,0.0,6177.96,6177.96,1000.0,1000.0,52770.08,14355.92,38414.16,2025-09-17 23:22:34
12,2025-06,70920.0,5,2216.25,1000.0,8510.4,14184.0,1000.0,5000.0,74136.25,28694.4,45441.85,2025-09-17 23:22:34
13,2025-06,26021.0,4,650.52,1000.0,3122.52,1301.05,500.0,2000.0,27671.52,6923.57,20747.95,2025-09-17 23:22:34
14,2025-06,34692.0,4,867.3,0.0,4163.04,4163.04,500.0,5000.0,35559.3,13826.08,21733.22,2025-09-17 23:22:34
15,2025-06,56557.0,4,1413.92,1000.0,6786.84,6786.84,1000.0,0.0,58970.92,14573.68,44397.24,2025-09-17 23:22:34
16,2025-06,49253.0,4,1231.33,500.0,5910.36,5910.36,1000.0,0.0,50984.33,12820.72,38163.61,2025-09-17 23:22:34
17,2025-06,49243.0,5,1538.84,2000.0,5909.16,5909.16,1000.0,0.0,52781.84,12818.32,39963.52,2025-09-17 23:22:34
18,2025-06,96214.0,4,2405.35,2000.0,11545.68,19242.8,1000.0,5000.0,100619.35,36788.48,63830.87,2025-09-17 23:22:34
19,2025-06,107592.0,6,4034.7,3000.0,12911.04,21518.4,1000.0,0.0,114626.7,35429.44,79197.26,2025-09-17 23:22:34
20,2025-06,74504.0,1,465.65,1000.0,8940.48,14900.8,1000.0,0.0,75969.65,24841.28,51128.37,2025-09-17 23:22:34
21,2025-06,38561.0,6,1446.04,3000.0,4627.32,4627.32,500.0,1000.0,43007.04,10754.64,32252.4,2025-09-17 23:22:34
22,2025-06,97256.0,8,4862.8,2000.0,11670.72,19451.2,1000.0,0.0,104118.8,32121.92,71996.88,2025-09-17 23:22:34
23,2025-06,59538.0,4,1488.45,0.0,7144.56,7144.56,1000.0,2000.0,61026.45,17289.12,43737.33,2025-09-17 23:22:34
24,2025-06,41773.0,4,1044.33,1000.0,5012.76,5012.76,1000.0,2000.0,43817.33,13025.52,30791.81,2025-09-17 23:22:34
25,2025-06,36910.0,6,1384.12,1000.0,4429.2,4429.2,500.0,0.0,39294.12,9358.4,29935.72,2025-09-17 23:22:34
26,2025-06,68419.0,3,1282.86,0.0,8210.28,8210.28,1000.0,0.0,69701.86,17420.56,52281.3,2025-09-17 23:22:34
27,2025-06,99268.0,7,4342.97,2000.0,11912.16,19853.6,1000.0,0.0,105610.97,32765.76,72845.21,2025-09-17 23:22:34
28,2025-06,61827.0,4,1545.67,0.0,7419.24,7419.24,1000.0,0.0,63372.67,15838.48,47534.19,2025-09-17 23:22:34
29,2025-06,57299.0,7,2506.83,2000.0,6875.88,6875.88,1000.0,5000.0,61805.83,19751.76,42054.07,2025-09-17 23:22:34
30,2025-06,27693.0,2,346.16,500.0,3323.16,1384.65,500.0,0.0,28539.16,5207.81,23331.35,2025-09-17 23:22:34
31,2025-06,73925.0,4,1848.12,0.0,8871.0,14785.0,1000.0,0.0,75773.12,24656.0,51117.12,2025-09-17 23:22:34
32,2025-06,69262.0,2,865.77,0.0,8311.44,8311.44,1000.0,2000.0,70127.77,19622.88,50504.89,2025-09-17 23:22:34
33,2025-06,106373.0,7,4653.82,0.0,12764.76,21274.6,1000.0,2000.0,111026.82,37039.36,73987.46,2025-09-17 23:22:34
34,2025-06,103053.0,4,2576.32,3000.0,12366.36,20610.6,1000.0,1000.0,108629.32,34976.96,73652.36,2025-09-17 23:22:34
35,2025-06,58545.0,9,3293.16,0.0,7025.4,7025.4,1000.0,0.0,61838.16,15050.8,46787.36,2025-09-17 23:22:34
36,2025-06,65303.0,4,1632.58,1000.0,7836.36,7836.36,1000.0,5000.0,67935.58,21672.72,46262.86,2025-09-17 23:22:34
37,2025-06,42675.0,3,800.16,0.0,5121.0,5121.0,1000.0,0.0,43475.16,11242.0,32233.16,2025-09-17 23:22:34
38,2025-06,36636.0,6,1373.85,3000.0,4396.32,4396.32,500.0,0.0,41009.85,9292.64,31717.21,2025-09-17 23:22:34
39,2025-06,63673.0,8,3183.65,2000.0,7640.76,7640.76,1000.0,0.0,68856.65,16281.52,52575.13,2025-09-17 23:22:34
40,2025-06,74717.0,7,3268.87,1000.0,8966.04,14943.4,1000.0,2000.0,78985.87,26909.44,52076.43,2025-09-17 23:22:34
41,2025-06,56309.0,3,1055.79,1000.0,6757.08,6757.08,1000.0,5000.0,58364.79,19514.16,38850.63,2025-09-17 23:22:34
42,2025-06,60342.0,1,377.14,500.0,7241.04,7241.04,1000.0,0.0,61219.14,15482.08,45737.06,2025-09-17 23:22:34
43,2025-06,25197.0,3,472.44,3000.0,3023.64,1259.85,500.0,1000.0,28669.44,5783.49,22885.95,2025-09-17 23:22:34
44,2025-06,87107.0,4,2177.68,500.0,10452.84,17421.4,1000.0,0.0,89784.68,28874.24,60910.44,2025-09-17 23:22:34
45,2025-06,30811.0,2,385.14,2000.0,3697.32,3697.32,500.0,0.0,33196.14,7894.64,25301.5,2025-09-17 23:22:34
46,2025-06,60206.0,2,752.58,0.0,7224.72,7224.72,1000.0,0.0,60958.58,15449.44,45509.14,2025-09-17 23:22:34
47,2025-06,44360.0,9,2495.25,500.0,5323.2,5323.2,1000.0,2000.0,47355.25,13646.4,33708.85,2025-09-17 23:22:34
48,2025-06,74384.0,5,2324.5,0.0,8926.08,14876.8,1000.0,0.0,76708.5,24802.88,51905.62,2025-09-17 23:22:34
49,2025-06,81843.0,7,3580.63,0.0,9821.16,16368.6,1000.0,0.0,85423.63,27189.76,58233.87,2025-09-17 23:22:34
50,2025-06,27049.0,5,845.28,3000.0,3245.88,1352.45,500.0,0.0,30894.28,5098.33,25795.95,2025-09-17 23:22:34
51,2025-06,35158.0,5,1098.69,0.0,4218.96,4218.96,500.0,0.0,36256.69,8937.92,27318.77,2025-09-17 23:22:34
52,2025-06,39499.0,7,1728.08,0.0,4739.88,4739.88,500.0,2000.0,41227.08,11979.76,29247.32,2025-09-17 23:22:34
53,2025-06,75800.0,3,1421.25,500.0,9096.0,15160.0,1000.0,2000.0,77721.25,27256.0,50465.25,2025-09-17 23:22:34
54,2025-06,73354.0,7,3209.24,1000.0,8802.48,14670.8,1000.0,2000.0,77563.24,26473.28,51089.96,2025-09-17 23:22:34
55,2025-06,113497.0,5,3546.78,1000.0,13619.64,22699.4,1000.0,0.0,118043.78,37319.04,80724.74,2025-09-17 23:22:34
56,2025-06,53643.0,4,1341.08,1000.0,6437.16,6437.16,1000.0,0.0,55984.08,13874.32,42109.76,2025-09-17 23:22:34
57,2025-06,46295.0,3,868.03,0.0,5555.4,5555.4,1000.0,2000.0,47163.03,14110.8,33052.23,2025-09-17 23:22:34
58,2025-06,39735.0,5,1241.72,1000.0,4768.2,4768.2,500.0,5000.0,41976.72,15036.4,26940.32,2025-09-17 23:22:34
59,2025-06,54830.0,4,1370.75,1000.0,6579.6,6579.6,1000.0,0.0,57200.75,14159.2,43041.55,2025-09-17 23:22:34
60,2025-06,38677.0,2,483.46,0.0,4641.24,4641.24,500.0,0.0,39160.46,9782.48,29377.98,2025-09-17 23:22:34
61,2025-06,60352.0,6,2263.2,0.0,7242.24,7242.24,1000.0,0.0,62615.2,15484.48,47130.72,2025-09-17 23:22:34
62,2025-06,34007.0,4,850.17,0.0,4080.84,4080.84,500.0,0.0,34857.17,8661.68,26195.49,2025-09-17 23:22:34
63,2025-06,118744.0,6,4452.9,0.0,14249.28,23748.8,1000.0,5000.0,123196.9,43998.08,79198.82,2025-09-17 23:22:34
64,2025-06,60635.0,3,1136.91,0.0,7276.2,7276.2,1000.0,5000.0,61771.91,20552.4,41219.51,2025-09-17 23:22:34
65,2025-06,28301.0,6,1061.29,0.0,3396.12,1415.05,500.0,5000.0,29362.29,10311.17,19051.12,2025-09-17 23:22:34
66,2025-06,35492.0,4,887.3,1000.0,4259.04,4259.04,500.0,2000.0,37379.3,11018.08,26361.22,2025-09-17 23:22:34
67,2025-06,69584.0,9,3914.1,0.0,8350.08,8350.08,1000.0,0.0,73498.1,17700.16,55797.94,2025-09-17 23:22:34
68,2025-06,71631.0,5,2238.47,1000.0,8595.72,14326.2,1000.0,2000.0,74869.47,25921.92,48947.55,2025-09-17 23:22:34
69,2025-06,46538.0,3,872.59,1000.0,5584.56,5584.56,1000.0,1000.0,48410.59,13169.12,35241.47,2025-09-17 23:22:34
70,2025-06,99748.0,5,3117.12,0.0,11969.76,19949.6,1000.0,5000.0,102865.12,37919.36,64945.76,2025-09-17 23:22:34
71,2025-06,64592.0,4,1614.8,2000.0,7751.04,7751.04,1000.0,2000.0,68206.8,18502.08,49704.72,2025-09-17 23:22:34
72,2025-06,115316.0,4,2882.9,0.0,13837.92,23063.2,1000.0,5000.0,118198.9,42901.12,75297.78,2025-09-17 23:22:34
73,2025-06,35893.0,7,1570.32,2000.0,4307.16,4307.16,500.0,0.0,39463.32,9114.32,30349.0,2025-09-17 23:22:34
74,2025-06,38121.0,3,714.77,2000.0,4574.52,4574.52,500.0,5000.0,40835.77,14649.04,26186.73,2025-09-17 23:22:34
75,2025-06,52677.0,4,1316.92,0.0,6321.24,6321.24,1000.0,0.0,53993.92,13642.48,40351.44,2025-09-17 23:22:34
76,2025-06,115313.0,6,4324.24,0.0,13837.56,23062.6,1000.0,0.0,119637.24,37900.16,81737.08,2025-09-17 23:22:34
77,2025-06,73096.0,4,1827.4,0.0,8771.52,14619.2,1000.0,5000.0,74923.4,29390.72,45532.68,2025-09-17 23:22:34
78,2025-06,46606.0,10,2912.88,500.0,5592.72,5592.72,1000.0,5000.0,50018.88,17185.44,32833.44,2025-09-17 23:22:34
79,2025-06,29142.0,6,1092.82,3000.0,3497.04,1457.1,500.0,1000.0,33234.82,6454.14,26780.68,2025-09-17 23:22:34
80,2025-06,53940.0,5,1685.62,3000.0,6472.8,6472.8,1000.0,2000.0,58625.62,15945.6,42680.02,2025-09-17 23:22:34
81,2025-06,46136.0,8,2306.8,0.0,5536.32,5536.32,1000.0,2000.0,48442.8,14072.64,34370.16,2025-09-17 23:22:34
82,2025-06,62217.0,1,388.86,0.0,7466.04,7466.04,1000.0,1000.0,62605.86,16932.08,45673.78,2025-09-17 23:22:34
83,2025-06,75816.0,8,3790.8,0.0,9097.92,15163.2,1000.0,0.0,79606.8,25261.12,54345.68,2025-09-17 23:22:34
84,2025-06,37805.0,9,2126.53,1000.0,4536.6,4536.6,500.0,0.0,40931.53,9573.2,31358.33,2025-09-17 23:22:34
85,2025-06,73952.0,6,2773.2,2000.0,8874.24,14790.4,1000.0,0.0,78725.2,24664.64,54060.56,2025-09-17 23:22:34
86,2025-06,33130.0,6,1242.38,0.0,3975.6,3975.6,500.0,1000.0,34372.38,9451.2,24921.18,2025-09-17 23:22:34
87,2025-06,42253.0,5,1320.41,3000.0,5070.36,5070.36,1000.0,0.0,46573.41,11140.72,35432.69,2025-09-17 23:22:34
88,2025-06,105403.0,5,3293.84,2000.0,12648.36,21080.6,1000.0,0.0,110696.84,34728.96,75967.88,2025-09-17 23:22:34
89,2025-06,65247.0,6,2446.76,2000.0,7829.64,7829.64,1000.0,1000.0,69693.76,17659.28,52034.48,2025-09-17 23:22:34
90,2025-06,104101.0,8,5205.05,0.0,12492.12,20820.2,1000.0,2000.0,109306.05,36312.32,72993.73,2025-09-17 23:22:34
91,2025-06,62580.0,2,782.25,1000.0,7509.6,7509.6,1000.0,1000.0,64362.25,17019.2,47343.05,2025-09-17 23:22:34
92,2025-06,65257.0,3,1223.57,0.0,7830.84,7830.84,1000.0,2000.0,66480.57,18661.68,47818.89,2025-09-17 23:22:34
93,2025-06,58977.0,5,1843.03,2000.0,7077.24,7077.24,1000.0,0.0,62820.03,15154.48,47665.55,2025-09-17 23:22:34
94,2025-06,31833.0,6,1193.74,3000.0,3819.96,3819.96,500.0,5000.0,36026.74,13139.92,22886.82,2025-09-17 23:22:34
95,2025-06,83304.0,5,2603.25,1000.0,9996.48,16660.8,1000.0,5000.0,86907.25,32657.28,54249.97,2025-09-17 23:22:34
96,2025-06,48491.0,10,3030.69,0.0,5818.92,5818.92,1000.0,5000.0,51521.69,17637.84,33883.85,2025-09-17 23:22:34
97,2025-06,57350.0,8,2867.5,3000.0,6882.0,6882.0,1000.0,0.0,63217.5,14764.0,48453.5,2025-09-17 23:22:34
98,2025-06,43305.0,5,1353.28,0.0,5196.6,5196.6,1000.0,2000.0,44658.28,13393.2,31265.08,2025-09-17 23:22:34
99,2025-06,48267.0,9,2715.02,1000.0,5792.04,5792.04,1000.0,0.0,51982.02,12584.08,39397.94,2025-09-17 23:22:34
100,2025-06,28412.0,5,887.88,0.0,3409.44,1420.6,500.0,0.0,29299.88,5330.04,23969.84,2025-09-17 23:22:34
101,2025-06,72425.0,3,1357.97,0.0,8691.0,14485.0,1000.0,0.0,73782.97,24176.0,49606.97,2025-09-17 23:22:34
102,2025-06,52506.0,5,1640.81,0.0,6300.72,6300.72,1000.0,0.0,54146.81,13601.44,40545.37,2025-09-17 23:22:34
103,2025-06,45150.0,9,2539.69,3000.0,5418.0,5418.0,1000.0,0.0,50689.69,11836.0,38853.69,2025-09-17 23:22:34
104,2025-06,81352.0,1,508.45,500.0,9762.24,16270.4,1000.0,0.0,82360.45,27032.64,55327.81,2025-09-17 23:22:34
105,2025-06,111234.0,4,2780.85,2000.0,13348.08,22246.8,1000.0,2000.0,116014.85,38594.88,77419.97,2025-09-17 23:22:34
106,2025-06,32400.0,6,1215.0,2000.0,3888.0,3888.0,500.0,0.0,35615.0,8276.0,27339.0,2025-09-17 23:22:34
107,2025-06,76934.0,7,3365.86,3000.0,9232.08,15386.8,1000.0,0.0,83299.86,25618.88,57680.98,2025-09-17 23:22:34
108,2025-06,65259.0,6,2447.21,0.0,7831.08,7831.08,1000.0,0.0,67706.21,16662.16,51044.05,2025-09-17 23:22:34
109,2025-06,29167.0,0,0.0,2000.0,3500.04,1458.35,500.0,5000.0,31167.0,10458.39,20708.61,2025-09-17 23:22:34
110,2025-06,49689.0,8,2484.45,0.0,5962.68,5962.68,1000.0,2000.0,52173.45,14925.36,37248.09,2025-09-17 23:22:34
111,2025-06,43924.0,7,1921.67,1000.0,5270.88,5270.88,1000.0,0.0,46845.67,11541.76,35303.91,2025-09-17 23:22:34
112,2025-06,48625.0,4,1215.62,3000.0,5835.0,5835.0,1000.0,0.0,52840.62,12670.0,40170.62,2025-09-17 23:22:34
113,2025-06,29542.0,7,1292.46,1000.0,3545.04,1477.1,500.0,0.0,31834.46,5522.14,26312.32,2025-09-17 23:22:34
114,2025-06,64065.0,6,2402.44,0.0,7687.8,7687.8,1000.0,5000.0,66467.44,21375.6,45091.84,2025-09-17 23:22:34
115,2025-06,53295.0,3,999.28,0.0,6395.4,6395.4,1000.0,1000.0,54294.28,14790.8,39503.48,2025-09-17 23:22:34
116,2025-06,65262.0,3,1223.66,500.0,7831.44,7831.44,1000.0,2000.0,66985.66,18662.88,48322.78,2025-09-17 23:22:34
117,2025-06,44870.0,3,841.31,1000.0,5384.4,5384.4,1000.0,5000.0,46711.31,16768.8,29942.51,2025-09-17 23:22:34
118,2025-06,63178.0,5,1974.31,500.0,7581.36,7581.36,1000.0,0.0,65652.31,16162.72,49489.59,2025-09-17 23:22:34
119,2025-06,37435.0,5,1169.84,1000.0,4492.2,4492.2,500.0,2000.0,39604.84,11484.4,28120.44,2025-09-17 23:22:34
120,2025-06,38116.0,6,1429.35,500.0,4573.92,4573.92,500.0,1000.0,40045.35,10647.84,29397.51,2025-09-17 23:22:34
121,2025-06,49683.0,4,1242.08,500.0,5961.96,5961.96,1000.0,1000.0,51425.08,13923.92,37501.16,2025-09-17 23:22:34
122,2025-06,112641.0,3,2112.02,3000.0,13516.92,22528.2,1000.0,0.0,117753.02,37045.12,80707.9,2025-09-17 23:22:34
123,2025-06,36003.0,3,675.06,500.0,4320.36,4320.36,500.0,0.0,37178.06,9140.72,28037.34,2025-09-17 23:22:34
124,2025-06,83529.0,4,2088.22,0.0,10023.48,16705.8,1000.0,0.0,85617.22,27729.28,57887.94,2025-09-17 23:22:34
125,2025-06,113866.0,8,5693.3,500.0,13663.92,22773.2,1000.0,0.0,120059.3,37437.12,82622.18,2025-09-17 23:22:34
126,2025-06,41023.0,7,1794.76,0.0,4922.76,4922.76,1000.0,2000.0,42817.76,12845.52,29972.24,2025-09-17 23:22:34
127,2025-06,54703.0,1,341.89,0.0,6564.36,6564.36,1000.0,0.0,55044.89,14128.72,40916.17,2025-09-17 23:22:34
128,2025-06,49129.0,7,2149.39,2000.0,5895.48,5895.48,1000.0,5000.0,53278.39,17790.96,35487.43,2025-09-17 23:22:34
129,2025-06,65159.0,3,1221.73,1000.0,7819.08,7819.08,1000.0,0.0,67380.73,16638.16,50742.57,2025-09-17 23:22:34
130,2025-06,100284.0,1,626.77,0.0,12034.08,20056.8,1000.0,1000.0,100910.77,34090.88,66819.89,2025-09-17 23:22:34
131,2025-06,62349.0,3,1169.04,3000.0,7481.88,7481.88,1000.0,5000.0,66518.04,20963.76,45554.28,2025-09-17 23:22:34
132,2025-06,85990.0,3,1612.31,0.0,10318.8,17198.0,1000.0,5000.0,87602.31,33516.8,54085.51,2025-09-17 23:22:34
133,2025-06,54548.0,5,1704.62,2000.0,6545.76,6545.76,1000.0,0.0,58252.62,14091.52,44161.1,2025-09-17 23:22:34
134,2025-06,72712.0,5,2272.25,500.0,8725.44,14542.4,1000.0,5000.0,75484.25,29267.84,46216.41,2025-09-17 23:22:34
135,2025-06,32158.0,5,1004.94,1000.0,3858.96,3858.96,500.0,1000.0,34162.94,9217.92,24945.02,2025-09-17 23:22:34
136,2025-06,81540.0,4,2038.5,500.0,9784.8,16308.0,1000.0,5000.0,84078.5,32092.8,51985.7,2025-09-17 23:22:34
137,2025-06,35384.0,5,1105.75,1000.0,4246.08,4246.08,500.0,5000.0,37489.75,13992.16,23497.59,2025-09-17 23:22:34
138,2025-06,57606.0,4,1440.15,3000.0,6912.72,6912.72,1000.0,0.0,62046.15,14825.44,47220.71,2025-09-17 23:22:34
139,2025-06,51524.0,5,1610.12,1000.0,6182.88,6182.88,1000.0,2000.0,54134.12,15365.76,38768.36,2025-09-17 23:22:34
140,2025-06,43456.0,2,543.2,0.0,5214.72,5214.72,1000.0,2000.0,43999.2,13429.44,30569.76,2025-09-17 23:22:34
141,2025-06,98932.0,3,1854.98,500.0,11871.84,19786.4,1000.0,1000.0,101286.98,33658.24,67628.74,2025-09-17 23:22:34
142,2025-06,81187.0,7,3551.93,0.0,9742.44,16237.4,1000.0,0.0,84738.93,26979.84,57759.09,2025-09-17 23:22:34
143,2025-06,53538.0,4,1338.45,500.0,6424.56,6424.56,1000.0,2000.0,55376.45,15849.12,39527.33,2025-09-17 23:22:34
144,2025-06,49285.0,6,1848.19,1000.0,5914.2,5914.2,1000.0,0.0,52133.19,12828.4,39304.79,2025-09-17 23:22:34
145,2025-06,40173.0,3,753.24,0.0,4820.76,4820.76,1000.0,0.0,40926.24,10641.52,30284.72,2025-09-17 23:22:34
146,2025-06,38051.0,3,713.46,500.0,4566.12,4566.12,500.0,2000.0,39264.46,11632.24,27632.22,2025-09-17 23:22:34
147,2025-06,36941.0,10,2308.81,0.0,4432.92,4432.92,500.0,5000.0,39249.81,14365.84,24883.97,2025-09-17 23:22:34
148,2025-06,78413.0,5,2450.41,3000.0,9409.56,15682.6,1000.0,0.0,83863.41,26092.16,57771.25,2025-09-17 23:22:34
149,2025-06,29854.0,1,186.59,500.0,3582.48,1492.7,500.0,5000.0,30540.59,10575.18,19965.41,2025-09-17 23:22:34
150,2025-06,67811.0,5,2119.09,0.0,8137.32,8137.32,1000.0,0.0,69930.09,17274.64,52655.45,2025-09-17 23:22:34
151,2025-06,49963.0,6,1873.61,0.0,5995.56,5995.56,1000.0,0.0,51836.61,12991.12,38845.49,2025-09-17 23:22:34
152,2025-06,44388.0,6,1664.55,0.0,5326.56,5326.56,1000.0,5000.0,46052.55,16653.12,29399.43,2025-09-17 23:22:34
153,2025-06,41254.0,3,773.51,3000.0,4950.48,4950.48,1000.0,0.0,45027.51,10900.96,34126.55,2025-09-17 23:22:34
154,2025-06,57415.0,7,2511.91,0.0,6889.8,6889.8,1000.0,5000.0,59926.91,19779.6,40147.31,2025-09-17 23:22:34
155,2025-06,78434.0,5,2451.06,500.0,9412.08,15686.8,1000.0,0.0,81385.06,26098.88,55286.18,2025-09-17 23:22:34
156,2025-06,56508.0,6,2119.05,0.0,6780.96,6780.96,1000.0,5000.0,58627.05,19561.92,39065.13,2025-09-17 23:22:34
157,2025-06,41716.0,7,1825.08,0.0,5005.92,5005.92,1000.0,1000.0,43541.08,12011.84,31529.24,2025-09-17 23:22:34
158,2025-06,63777.0,5,1993.03,0.0,7653.24,7653.24,1000.0,2000.0,65770.03,18306.48,47463.55,2025-09-17 23:22:34
159,2025-06,41282.0,6,1548.07,0.0,4953.84,4953.84,1000.0,0.0,42830.07,10907.68,31922.39,2025-09-17 23:22:34
160,2025-06,55478.0,2,693.48,0.0,6657.36,6657.36,1000.0,2000.0,56171.48,16314.72,39856.76,2025-09-17 23:22:34
161,2025-06,57721.0,3,1082.27,0.0,6926.52,6926.52,1000.0,2000.0,58803.27,16853.04,41950.23,2025-09-17 23:22:34
162,2025-06,95428.0,4,2385.7,0.0,11451.36,19085.6,1000.0,2000.0,97813.7,33536.96,64276.74,2025-09-17 23:22:34
163,2025-06,53699.0,1,335.62,3000.0,6443.88,6443.88,1000.0,2000.0,57034.62,15887.76,41146.86,2025-09-17 23:22:34
164,2025-06,32621.0,1,203.88,500.0,3914.52,3914.52,500.0,0.0,33324.88,8329.04,24995.84,2025-09-17 23:22:34
165,2025-06,52302.0,5,1634.44,0.0,6276.24,6276.24,1000.0,1000.0,53936.44,14552.48,39383.96,2025-09-17 23:22:34
166,2025-06,77497.0,7,3390.49,2000.0,9299.64,15499.4,1000.0,2000.0,82887.49,27799.04,55088.45,2025-09-17 23:22:34
167,2025-06,81271.0,6,3047.66,0.0,9752.52,16254.2,1000.0,0.0,84318.66,27006.72,57311.94,2025-09-17 23:22:34
168,2025-06,26062.0,6,977.32,0.0,3127.44,1303.1,500.0,5000.0,27039.32,9930.54,17108.78,2025-09-17 23:22:34
169,2025-06,29632.0,6,1111.2,1000.0,3555.84,1481.6,500.0,0.0,31743.2,5537.44,26205.76,2025-09-17 23:22:34
170,2025-06,33258.0,9,1870.76,0.0,3990.96,3990.96,500.0,5000.0,35128.76,13481.92,21646.84,2025-09-17 23:22:34
171,2025-06,51069.0,6,1915.09,0.0,6128.28,6128.28,1000.0,1000.0,52984.09,14256.56,38727.53,2025-09-17 23:22:34
172,2025-06,117274.0,4,2931.85,0.0,14072.88,23454.8,1000.0,5000.0,120205.85,43527.68,76678.17,2025-09-17 23:22:34
173,2025-06,59529.0,4,1488.22,1000.0,7143.48,7143.48,1000.0,5000.0,62017.22,20286.96,41730.26,2025-09-17 23:22:34
174,2025-06,31812.0,2,397.65,3000.0,3817.44,3817.44,500.0,0.0,35209.65,8134.88,27074.77,2025-09-17 23:22:34
175,2025-06,26605.0,7,1163.97,500.0,3192.6,1330.25,500.0,0.0,28268.97,5022.85,23246.12,2025-09-17 23:22:34
176,2025-06,69818.0,3,1309.09,0.0,8378.16,8378.16,1000.0,0.0,71127.09,17756.32,53370.77,2025-09-17 23:22:34
177,2025-06,39043.0,3,732.06,500.0,4685.16,4685.16,500.0,2000.0,40275.06,11870.32,28404.74,2025-09-17 23:22:34
178,2025-06,43935.0,2,549.19,0.0,5272.2,5272.2,1000.0,2000.0,44484.19,13544.4,30939.79,2025-09-17 23:22:34
179,2025-06,40954.0,7,1791.74,0.0,4914.48,4914.48,1000.0,2000.0,42745.74,12828.96,29916.78,2025-09-17 23:22:34
180,2025-06,31469.0,2,393.36,0.0,3776.28,3776.28,500.0,0.0,31862.36,8052.56,23809.8,2025-09-17 23:22:34
181,2025-06,80587.0,6,3022.01,2000.0,9670.44,16117.4,1000.0,0.0,85609.01,26787.84,58821.17,2025-09-17 23:22:34
182,2025-06,87533.0,4,2188.32,0.0,10503.96,17506.6,1000.0,5000.0,89721.32,34010.56,55710.76,2025-09-17 23:22:34
183,2025-06,48128.0,6,1804.8,2000.0,5775.36,5775.36,1000.0,1000.0,51932.8,13550.72,38382.08,2025-09-17 23:22:34
184,2025-06,52422.0,9,2948.74,1000.0,6290.64,6290.64,1000.0,5000.0,56370.74,18581.28,37789.46,2025-09-17 23:22:34
185,2025-06,62387.0,6,2339.51,2000.0,7486.44,7486.44,1000.0,0.0,66726.51,15972.88,50753.63,2025-09-17 23:22:34
186,2025-06,71614.0,6,2685.52,0.0,8593.68,14322.8,1000.0,2000.0,74299.52,25916.48,48383.04,2025-09-17 23:22:34
187,2025-06,25235.0,8,1261.75,2000.0,3028.2,1261.75,500.0,0.0,28496.75,4789.95,23706.8,2025-09-17 23:22:34
188,2025-06,54019.0,6,2025.71,2000.0,6482.28,6482.28,1000.0,0.0,58044.71,13964.56,44080.15,2025-09-17 23:22:34
189,2025-06,30951.0,3,580.33,0.0,3714.12,3714.12,500.0,2000.0,31531.33,9928.24,21603.09,2025-09-17 23:22:34
190,2025-06,75523.0,7,3304.13,3000.0,9062.76,15104.6,1000.0,2000.0,81827.13,27167.36,54659.77,2025-09-17 23:22:34
191,2025-06,47282.0,5,1477.56,0.0,5673.84,5673.84,1000.0,2000.0,48759.56,14347.68,34411.88,2025-09-17 23:22:34
192,2025-06,88303.0,6,3311.36,1000.0,10596.36,17660.6,1000.0,0.0,92614.36,29256.96,63357.4,2025-09-17 23:22:34
193,2025-06,63574.0,7,2781.36,0.0,7628.88,7628.88,1000.0,5000.0,66355.36,21257.76,45097.6,2025-09-17 23:22:34
194,2025-06,90558.0,5,2829.94,1000.0,10866.96,18111.6,1000.0,0.0,94387.94,29978.56,64409.38,2025-09-17 23:22:34
195,2025-06,36970.0,5,1155.31,2000.0,4436.4,4436.4,500.0,0.0,40125.31,9372.8,30752.51,2025-09-17 23:22:34
196,2025-06,56951.0,7,2491.61,500.0,6834.12,6834.12,1000.0,5000.0,59942.61,19668.24,40274.37,2025-09-17 23:22:34
197,2025-06,25922.0,7,1134.09,3000.0,3110.64,1296.1,500.0,2000.0,30056.09,6906.74,23149.35,2025-09-17 23:22:34
198,2025-06,109484.0,2,1368.55,2000.0,13138.08,21896.8,1000.0,1000.0,112852.55,37034.88,75817.67,2025-09-17 23:22:34
199,2025-06,44029.0,8,2201.45,2000.0,5283.48,5283.48,1000.0,5000.0,48230.45,16566.96,31663.49,2025-09-17 23:22:34
200,2025-06,78872.0,3,1478.85,3000.0,9464.64,15774.4,1000.0,5000.0,83350.85,31239.04,52111.81,2025-09-17 23:22:34
1,2025-07,63158.0,2,789.48,2000.0,7578.96,7578.96,1000.0,0.0,65947.48,16157.92,49789.56,2025-09-17 23:22:34
2,2025-07,67194.0,11,4619.59,0.0,8063.28,8063.28,1000.0,1000.0,71813.59,18126.56,53687.03,2025-09-17 23:22:34
3,2025-07,41023.0,3,769.18,2000.0,4922.76,4922.76,1000.0,0.0,43792.18,10845.52,32946.66,2025-09-17 23:22:34
4,2025-07,32433.0,1,202.71,0.0,3891.96,3891.96,500.0,5000.0,32635.71,13283.92,19351.79,2025-09-17 23:22:34
5,2025-07,53693.0,4,1342.33,500.0,6443.16,6443.16,1000.0,1000.0,55535.33,14886.32,40649.01,2025-09-17 23:22:34
6,2025-07,70658.0,5,2208.06,1000.0,8478.96,14131.6,1000.0,5000.0,73866.06,28610.56,45255.5,2025-09-17 23:22:34
7,2025-07,44118.0,6,1654.43,500.0,5294.16,5294.16,1000.0,2000.0,46272.43,13588.32,32684.11,2025-09-17 23:22:34
8,2025-07,75680.0,2,946.0,1000.0,9081.6,15136.0,1000.0,0.0,77626.0,25217.6,52408.4,2025-09-17 23:22:34
9,2025-07,42502.0,8,2125.1,0.0,5100.24,5100.24,1000.0,0.0,44627.1,11200.48,33426.62,2025-09-17 23:22:34
10,2025-07,33433.0,8,1671.65,2000.0,4011.96,4011.96,500.0,1000.0,37104.65,9523.92,27580.73,2025-09-17 23:22:34
11,2025-07,51483.0,7,2252.38,0.0,6177.96,6177.96,1000.0,0.0,53735.38,13355.92,40379.46,2025-09-17 23:22:34
12,2025-07,70920.0,3,1329.75,500.0,8510.4,14184.0,1000.0,0.0,72749.75,23694.4,49055.35,2025-09-17 23:22:34
13,2025-07,26021.0,5,813.16,0.0,3122.52,1301.05,500.0,2000.0,26834.16,6923.57,19910.59,2025-09-17 23:22:34
14,2025-07,34692.0,5,1084.12,3000.0,4163.04,4163.04,500.0,2000.0,38776.12,10826.08,27950.04,2025-09-17 23:22:34
15,2025-07,56557.0,3,1060.44,0.0,6786.84,6786.84,1000.0,0.0,57617.44,14573.68,43043.76,2025-09-17 23:22:34
16,2025-07,49253.0,6,1846.99,0.0,5910.36,5910.36,1000.0,5000.0,51099.99,17820.72,33279.27,2025-09-17 23:22:34
17,2025-07,49243.0,4,1231.08,500.0,5909.16,5909.16,1000.0,2000.0,50974.08,14818.32,36155.76,2025-09-17 23:22:34
18,2025-07,96214.0,6,3608.02,0.0,11545.68,19242.8,1000.0,5000.0,99822.02,36788.48,63033.54,2025-09-17 23:22:34
19,2025-07,107592.0,2,1344.9,3000.0,12911.04,21518.4,1000.0,1000.0,111936.9,36429.44,75507.46,2025-09-17 23:22:34
20,2025-07,74504.0,4,1862.6,0.0,8940.48,14900.8,1000.0,1000.0,76366.6,25841.28,50525.32,2025-09-17 23:22:34
21,2025-07,38561.0,9,2169.06,2000.0,4627.32,4627.32,500.0,0.0,42730.06,9754.64,32975.42,2025-09-17 23:22:34
22,2025-07,97256.0,2,1215.7,0.0,11670.72,19451.2,1000.0,1000.0,98471.7,33121.92,65349.78,2025-09-17 23:22:34
23,2025-07,59538.0,9,3349.01,3000.0,7144.56,7144.56,1000.0,0.0,65887.01,15289.12,50597.89,2025-09-17 23:22:34
24,2025-07,41773.0,5,1305.41,1000.0,5012.76,5012.76,1000.0,5000.0,44078.41,16025.52,28052.89,2025-09-17 23:22:34
25,2025-07,36910.0,6,1384.12,0.0,4429.2,4429.2,500.0,0.0,38294.12,9358.4,28935.72,2025-09-17 23:22:34
26,2025-07,68419.0,9,3848.57,500.0,8210.28,8210.28,1000.0,2000.0,72767.57,19420.56,53347.01,2025-09-17 23:22:34
27,2025-07,99268.0,5,3102.12,0.0,11912.16,19853.6,1000.0,1000.0,102370.12,33765.76,68604.36,2025-09-17 23:22:34
28,2025-07,61827.0,0,0.0,3000.0,7419.24,7419.24,1000.0,0.0,64827.0,15838.48,48988.52,2025-09-17 23:22:34
29,2025-07,57299.0,5,1790.59,500.0,6875.88,6875.88,1000.0,5000.0,59589.59,19751.76,39837.83,2025-09-17 23:22:34
30,2025-07,27693.0,4,692.33,0.0,3323.16,1384.65,500.0,0.0,28385.33,5207.81,23177.52,2025-09-17 23:22:34
31,2025-07,73925.0,3,1386.09,0.0,8871.0,14785.0,1000.0,0.0,75311.09,24656.0,50655.09,2025-09-17 23:22:34
32,2025-07,69262.0,4,1731.55,0.0,8311.44,8311.44,1000.0,2000.0,70993.55,19622.88,51370.67,2025-09-17 23:22:34
33,2025-07,106373.0,6,3988.99,0.0,12764.76,21274.6,1000.0,5000.0,110361.99,40039.36,70322.63,2025-09-17 23:22:34
34,2025-07,103053.0,4,2576.32,0.0,12366.36,20610.6,1000.0,2000.0,105629.32,35976.96,69652.36,2025-09-17 23:22:34
35,2025-07,58545.0,6,2195.44,0.0,7025.4,7025.4,1000.0,2000.0,60740.44,17050.8,43689.64,2025-09-17 23:22:34
36,2025-07,65303.0,6,2448.86,0.0,7836.36,7836.36,1000.0,2000.0,67751.86,18672.72,49079.14,2025-09-17 23:22:34
37,2025-07,42675.0,8,2133.75,1000.0,5121.0,5121.0,1000.0,1000.0,45808.75,12242.0,33566.75,2025-09-17 23:22:34
38,2025-07,36636.0,7,1602.83,2000.0,4396.32,4396.32,500.0,2000.0,40238.83,11292.64,28946.19,2025-09-17 23:22:34
39,2025-07,63673.0,5,1989.78,2000.0,7640.76,7640.76,1000.0,0.0,67662.78,16281.52,51381.26,2025-09-17 23:22:34
40,2025-07,74717.0,5,2334.91,500.0,8966.04,14943.4,1000.0,5000.0,77551.91,29909.44,47642.47,2025-09-17 23:22:34
41,2025-07,56309.0,9,3167.38,3000.0,6757.08,6757.08,1000.0,1000.0,62476.38,15514.16,46962.22,2025-09-17 23:22:34
42,2025-07,60342.0,4,1508.55,0.0,7241.04,7241.04,1000.0,0.0,61850.55,15482.08,46368.47,2025-09-17 23:22:34
43,2025-07,25197.0,3,472.44,1000.0,3023.64,1259.85,500.0,2000.0,26669.44,6783.49,19885.95,2025-09-17 23:22:34
44,2025-07,87107.0,5,2722.09,0.0,10452.84,17421.4,1000.0,5000.0,89829.09,33874.24,55954.85,2025-09-17 23:22:34
45,2025-07,30811.0,9,1733.12,0.0,3697.32,3697.32,500.0,0.0,32544.12,7894.64,24649.48,2025-09-17 23:22:34
46,2025-07,60206.0,1,376.29,0.0,7224.72,7224.72,1000.0,0.0,60582.29,15449.44,45132.85,2025-09-17 23:22:34
47,2025-07,44360.0,3,831.75,1000.0,5323.2,5323.2,1000.0,1000.0,46191.75,12646.4,33545.35,2025-09-17 23:22:34
48,2025-07,74384.0,6,2789.4,500.0,8926.08,14876.8,1000.0,5000.0,77673.4,29802.88,47870.52,2025-09-17 23:22:34
49,2025-07,81843.0,2,1023.04,2000.0,9821.16,16368.6,1000.0,1000.0,84866.04,28189.76,56676.28,2025-09-17 23:22:34
50,2025-07,27049.0,2,338.11,0.0,3245.88,1352.45,500.0,0.0,27387.11,5098.33,22288.78,2025-09-17 23:22:34
51,2025-07,35158.0,5,1098.69,0.0,4218.96,4218.96,500.0,0.0,36256.69,8937.92,27318.77,2025-09-17 23:22:34
52,2025-07,39499.0,6,1481.21,3000.0,4739.88,4739.88,500.0,0.0,43980.21,9979.76,34000.45,2025-09-17 23:22:34
53,2025-07,75800.0,3,1421.25,2000.0,9096.0,15160.0,1000.0,2000.0,79221.25,27256.0,51965.25,2025-09-17 23:22:34
54,2025-07,73354.0,2,916.92,0.0,8802.48,14670.8,1000.0,5000.0,74270.92,29473.28,44797.64,2025-09-17 23:22:34
55,2025-07,113497.0,8,5674.85,2000.0,13619.64,22699.4,1000.0,1000.0,121171.85,38319.04,82852.81,2025-09-17 23:22:34
56,2025-07,53643.0,3,1005.81,0.0,6437.16,6437.16,1000.0,0.0,54648.81,13874.32,40774.49,2025-09-17 23:22:34
57,2025-07,46295.0,6,1736.06,0.0,5555.4,5555.4,1000.0,0.0,48031.06,12110.8,35920.26,2025-09-17 23:22:34
58,2025-07,39735.0,2,496.69,2000.0,4768.2,4768.2,500.0,0.0,42231.69,10036.4,32195.29,2025-09-17 23:22:34
59,2025-07,54830.0,2,685.38,1000.0,6579.6,6579.6,1000.0,1000.0,56515.38,15159.2,41356.18,2025-09-17 23:22:34
60,2025-07,38677.0,4,966.92,0.0,4641.24,4641.24,500.0,0.0,39643.92,9782.48,29861.44,2025-09-17 23:22:34
61,2025-07,60352.0,7,2640.4,0.0,7242.24,7242.24,1000.0,0.0,62992.4,15484.48,47507.92,2025-09-17 23:22:34
62,2025-07,34007.0,7,1487.81,500.0,4080.84,4080.84,500.0,0.0,35994.81,8661.68,27333.13,2025-09-17 23:22:34
63,2025-07,118744.0,6,4452.9,1000.0,14249.28,23748.8,1000.0,5000.0,124196.9,43998.08,80198.82,2025-09-17 23:22:34
64,2025-07,60635.0,6,2273.81,500.0,7276.2,7276.2,1000.0,0.0,63408.81,15552.4,47856.41,2025-09-17 23:22:34
65,2025-07,28301.0,7,1238.17,500.0,3396.12,1415.05,500.0,2000.0,30039.17,7311.17,22728.0,2025-09-17 23:22:34
66,2025-07,35492.0,4,887.3,0.0,4259.04,4259.04,500.0,1000.0,36379.3,10018.08,26361.22,2025-09-17 23:22:34
67,2025-07,69584.0,5,2174.5,0.0,8350.08,8350.08,1000.0,0.0,71758.5,17700.16,54058.34,2025-09-17 23:22:34
68,2025-07,71631.0,6,2686.16,2000.0,8595.72,14326.2,1000.0,0.0,76317.16,23921.92,52395.24,2025-09-17 23:22:34
69,2025-07,46538.0,1,290.86,0.0,5584.56,5584.56,1000.0,0.0,46828.86,12169.12,34659.74,2025-09-17 23:22:34
70,2025-07,99748.0,4,2493.7,0.0,11969.76,19949.6,1000.0,0.0,102241.7,32919.36,69322.34,2025-09-17 23:22:34
71,2025-07,64592.0,8,3229.6,1000.0,7751.04,7751.04,1000.0,0.0,68821.6,16502.08,52319.52,2025-09-17 23:22:34
72,2025-07,115316.0,4,2882.9,1000.0,13837.92,23063.2,1000.0,0.0,119198.9,37901.12,81297.78,2025-09-17 23:22:34
73,2025-07,35893.0,4,897.33,0.0,4307.16,4307.16,500.0,2000.0,36790.33,11114.32,25676.01,2025-09-17 23:22:34
74,2025-07,38121.0,7,1667.79,2000.0,4574.52,4574.52,500.0,0.0,41788.79,9649.04,32139.75,2025-09-17 23:22:34
75,2025-07,52677.0,2,658.46,0.0,6321.24,6321.24,1000.0,0.0,53335.46,13642.48,39692.98,2025-09-17 23:22:34
76,2025-07,115313.0,8,5765.65,3000.0,13837.56,23062.6,1000.0,1000.0,124078.65,38900.16,85178.49,2025-09-17 23:22:34
77,2025-07,73096.0,7,3197.95,1000.0,8771.52,14619.2,1000.0,2000.0,77293.95,26390.72,50903.23,2025-09-17 23:22:34
78,2025-07,46606.0,8,2330.3,3000.0,5592.72,5592.72,1000.0,0.0,51936.3,12185.44,39750.86,2025-09-17 23:22:34
79,2025-07,29142.0,5,910.69,0.0,3497.04,1457.1,500.0,0.0,30052.69,5454.14,24598.55,2025-09-17 23:22:34
80,2025-07,53940.0,9,3034.12,3000.0,6472.8,6472.8,1000.0,5000.0,59974.12,18945.6,41028.52,2025-09-17 23:22:34
81,2025-07,46136.0,8,2306.8,500.0,5536.32,5536.32,1000.0,5000.0,48942.8,17072.64,31870.16,2025-09-17 23:22:34
82,2025-07,62217.0,6,2333.14,1000.0,7466.04,7466.04,1000.0,0.0,65550.14,15932.08,49618.06,2025-09-17 23:22:34
83,2025-07,75816.0,3,1421.55,2000.0,9097.92,15163.2,1000.0,1000.0,79237.55,26261.12,52976.43,2025-09-17 23:22:34
84,2025-07,37805.0,10,2362.81,2000.0,4536.6,4536.6,500.0,0.0,42167.81,9573.2,32594.61,2025-09-17 23:22:34
85,2025-07,73952.0,11,5084.2,0.0,8874.24,14790.4,1000.0,1000.0,79036.2,25664.64,53371.56,2025-09-17 23:22:34
86,2025-07,33130.0,4,828.25,1000.0,3975.6,3975.6,500.0,0.0,34958.25,8451.2,26507.05,2025-09-17 23:22:34
87,2025-07,42253.0,1,264.08,500.0,5070.36,5070.36,1000.0,0.0,43017.08,11140.72,31876.36,2025-09-17 23:22:34
88,2025-07,105403.0,7,4611.38,2000.0,12648.36,21080.6,1000.0,0.0,112014.38,34728.96,77285.42,2025-09-17 23:22:34
89,2025-07,65247.0,3,1223.38,1000.0,7829.64,7829.64,1000.0,1000.0,67470.38,17659.28,49811.1,2025-09-17 23:22:34
90,2025-07,104101.0,7,4554.42,0.0,12492.12,20820.2,1000.0,0.0,108655.42,34312.32,74343.1,2025-09-17 23:22:34
91,2025-07,62580.0,5,1955.62,500.0,7509.6,7509.6,1000.0,2000.0,65035.62,18019.2,47016.42,2025-09-17 23:22:34
92,2025-07,65257.0,6,2447.14,3000.0,7830.84,7830.84,1000.0,0.0,70704.14,16661.68,54042.46,2025-09-17 23:22:34
93,2025-07,58977.0,7,2580.24,0.0,7077.24,7077.24,1000.0,5000.0,61557.24,20154.48,41402.76,2025-09-17 23:22:34
94,2025-07,31833.0,2,397.91,3000.0,3819.96,3819.96,500.0,0.0,35230.91,8139.92,27090.99,2025-09-17 23:22:34
95,2025-07,83304.0,8,4165.2,0.0,9996.48,16660.8,1000.0,0.0,87469.2,27657.28,59811.92,2025-09-17 23:22:34
96,2025-07,48491.0,3,909.21,2000.0,5818.92,5818.92,1000.0,2000.0,51400.21,14637.84,36762.37,2025-09-17 23:22:34
97,2025-07,57350.0,1,358.44,0.0,6882.0,6882.0,1000.0,1000.0,57708.44,15764.0,41944.44,2025-09-17 23:22:34
98,2025-07,43305.0,3,811.97,2000.0,5196.6,5196.6,1000.0,2000.0,46116.97,13393.2,32723.77,2025-09-17 23:22:34
99,2025-07,48267.0,2,603.34,3000.0,5792.04,5792.04,1000.0,1000.0,51870.34,13584.08,38286.26,2025-09-17 23:22:34
100,2025-07,28412.0,7,1243.02,0.0,3409.44,1420.6,500.0,0.0,29655.02,5330.04,24324.98,2025-09-17 23:22:34
101,2025-07,72425.0,4,1810.62,2000.0,8691.0,14485.0,1000.0,2000.0,76235.62,26176.0,50059.62,2025-09-17 23:22:34
102,2025-07,52506.0,5,1640.81,0.0,6300.72,6300.72,1000.0,5000.0,54146.81,18601.44,35545.37,2025-09-17 23:22:34
103,2025-07,45150.0,3,846.56,500.0,5418.0,5418.0,1000.0,1000.0,46496.56,12836.0,33660.56,2025-09-17 23:22:34
104,2025-07,81352.0,5,2542.25,0.0,9762.24,16270.4,1000.0,0.0,83894.25,27032.64,56861.61,2025-09-17 23:22:34
105,2025-07,111234.0,3,2085.64,2000.0,13348.08,22246.8,1000.0,0.0,115319.64,36594.88,78724.76,2025-09-17 23:22:34
106,2025-07,32400.0,3,607.5,0.0,3888.0,3888.0,500.0,0.0,33007.5,8276.0,24731.5,2025-09-17 23:22:34
107,2025-07,76934.0,2,961.67,500.0,9232.08,15386.8,1000.0,1000.0,78395.67,26618.88,51776.79,2025-09-17 23:22:34
108,2025-07,65259.0,4,1631.47,0.0,7831.08,7831.08,1000.0,0.0,66890.47,16662.16,50228.31,2025-09-17 23:22:34
109,2025-07,29167.0,5,911.47,500.0,3500.04,1458.35,500.0,0.0,30578.47,5458.39,25120.08,2025-09-17 23:22:34
110,2025-07,49689.0,3,931.67,500.0,5962.68,5962.68,1000.0,0.0,51120.67,12925.36,38195.31,2025-09-17 23:22:34
111,2025-07,43924.0,6,1647.15,1000.0,5270.88,5270.88,1000.0,5000.0,46571.15,16541.76,30029.39,2025-09-17 23:22:34
112,2025-07,48625.0,4,1215.62,500.0,5835.0,5835.0,1000.0,1000.0,50340.62,13670.0,36670.62,2025-09-17 23:22:34
113,2025-07,29542.0,9,1661.74,500.0,3545.04,1477.1,500.0,0.0,31703.74,5522.14,26181.6,2025-09-17 23:22:34
114,2025-07,64065.0,5,2002.03,0.0,7687.8,7687.8,1000.0,1000.0,66067.03,17375.6,48691.43,2025-09-17 23:22:34
115,2025-07,53295.0,3,999.28,0.0,6395.4,6395.4,1000.0,0.0,54294.28,13790.8,40503.48,2025-09-17 23:22:34
116,2025-07,65262.0,3,1223.66,0.0,7831.44,7831.44,1000.0,2000.0,66485.66,18662.88,47822.78,2025-09-17 23:22:34
117,2025-07,44870.0,10,2804.38,2000.0,5384.4,5384.4,1000.0,2000.0,49674.38,13768.8,35905.58,2025-09-17 23:22:34
118,2025-07,63178.0,5,1974.31,500.0,7581.36,7581.36,1000.0,0.0,65652.31,16162.72,49489.59,2025-09-17 23:22:34
119,2025-07,37435.0,3,701.91,0.0,4492.2,4492.2,500.0,0.0,38136.91,9484.4,28652.51,2025-09-17 23:22:34
120,2025-07,38116.0,6,1429.35,3000.0,4573.92,4573.92,500.0,5000.0,42545.35,14647.84,27897.51,2025-09-17 23:22:34
121,2025-07,49683.0,4,1242.08,0.0,5961.96,5961.96,1000.0,5000.0,50925.08,17923.92,33001.16,2025-09-17 23:22:34
122,2025-07,112641.0,8,5632.05,0.0,13516.92,22528.2,1000.0,2000.0,118273.05,39045.12,79227.93,2025-09-17 23:22:34
123,2025-07,36003.0,3,675.06,0.0,4320.36,4320.36,500.0,5000.0,36678.06,14140.72,22537.34,2025-09-17 23:22:34
124,2025-07,83529.0,1,522.06,2000.0,10023.48,16705.8,1000.0,1000.0,86051.06,28729.28,57321.78,2025-09-17 23:22:34
125,2025-07,113866.0,3,2134.99,500.0,13663.92,22773.2,1000.0,0.0,116500.99,37437.12,79063.87,2025-09-17 23:22:34
126,2025-07,41023.0,7,1794.76,0.0,4922.76,4922.76,1000.0,0.0,42817.76,10845.52,31972.24,2025-09-17 23:22:34
127,2025-07,54703.0,7,2393.26,0.0,6564.36,6564.36,1000.0,0.0,57096.26,14128.72,42967.54,2025-09-17 23:22:34
128,2025-07,49129.0,7,2149.39,3000.0,5895.48,5895.48,1000.0,1000.0,54278.39,13790.96,40487.43,2025-09-17 23:22:34
129,2025-07,65159.0,1,407.24,0.0,7819.08,7819.08,1000.0,5000.0,65566.24,21638.16,43928.08,2025-09-17 23:22:34
130,2025-07,100284.0,2,1253.55,1000.0,12034.08,20056.8,1000.0,0.0,102537.55,33090.88,69446.67,2025-09-17 23:22:34
131,2025-07,62349.0,9,3507.13,2000.0,7481.88,7481.88,1000.0,0.0,67856.13,15963.76,51892.37,2025-09-17 23:22:34
132,2025-07,85990.0,5,2687.19,0.0,10318.8,17198.0,1000.0,2000.0,88677.19,30516.8,58160.39,2025-09-17 23:22:34
133,2025-07,54548.0,7,2386.47,1000.0,6545.76,6545.76,1000.0,0.0,57934.47,14091.52,43842.95,2025-09-17 23:22:34
134,2025-07,72712.0,6,2726.7,0.0,8725.44,14542.4,1000.0,5000.0,75438.7,29267.84,46170.86,2025-09-17 23:22:34
135,2025-07,32158.0,6,1205.93,500.0,3858.96,3858.96,500.0,0.0,33863.93,8217.92,25646.01,2025-09-17 23:22:34
136,2025-07,81540.0,5,2548.12,1000.0,9784.8,16308.0,1000.0,0.0,85088.12,27092.8,57995.32,2025-09-17 23:22:34
137,2025-07,35384.0,5,1105.75,1000.0,4246.08,4246.08,500.0,0.0,37489.75,8992.16,28497.59,2025-09-17 23:22:34
138,2025-07,57606.0,5,1800.19,500.0,6912.72,6912.72,1000.0,0.0,59906.19,14825.44,45080.75,2025-09-17 23:22:34
139,2025-07,51524.0,7,2254.17,0.0,6182.88,6182.88,1000.0,2000.0,53778.17,15365.76,38412.41,2025-09-17 23:22:34
140,2025-07,43456.0,7,1901.2,0.0,5214.72,5214.72,1000.0,5000.0,45357.2,16429.44,28927.76,2025-09-17 23:22:34
141,2025-07,98932.0,4,2473.3,2000.0,11871.84,19786.4,1000.0,1000.0,103405.3,33658.24,69747.06,2025-09-17 23:22:34
142,2025-07,81187.0,2,1014.84,1000.0,9742.44,16237.4,1000.0,0.0,83201.84,26979.84,56222.0,2025-09-17 23:22:34
143,2025-07,53538.0,7,2342.29,0.0,6424.56,6424.56,1000.0,0.0,55880.29,13849.12,42031.17,2025-09-17 23:22:34
144,2025-07,49285.0,4,1232.12,3000.0,5914.2,5914.2,1000.0,5000.0,53517.12,17828.4,35688.72,2025-09-17 23:22:34
145,2025-07,40173.0,9,2259.73,0.0,4820.76,4820.76,1000.0,0.0,42432.73,10641.52,31791.21,2025-09-17 23:22:34
146,2025-07,38051.0,4,951.27,3000.0,4566.12,4566.12,500.0,2000.0,42002.27,11632.24,30370.03,2025-09-17 23:22:34
147,2025-07,36941.0,7,1616.17,0.0,4432.92,4432.92,500.0,0.0,38557.17,9365.84,29191.33,2025-09-17 23:22:34
148,2025-07,78413.0,2,980.16,0.0,9409.56,15682.6,1000.0,0.0,79393.16,26092.16,53301.0,2025-09-17 23:22:34
149,2025-07,29854.0,5,932.94,0.0,3582.48,1492.7,500.0,5000.0,30786.94,10575.18,20211.76,2025-09-17 23:22:34
150,2025-07,67811.0,9,3814.37,0.0,8137.32,8137.32,1000.0,0.0,71625.37,17274.64,54350.73,2025-09-17 23:22:34
151,2025-07,49963.0,6,1873.61,2000.0,5995.56,5995.56,1000.0,5000.0,53836.61,17991.12,35845.49,2025-09-17 23:22:34
152,2025-07,44388.0,5,1387.12,0.0,5326.56,5326.56,1000.0,2000.0,45775.12,13653.12,32122.0,2025-09-17 23:22:34
153,2025-07,41254.0,6,1547.02,0.0,4950.48,4950.48,1000.0,5000.0,42801.02,15900.96,26900.06,2025-09-17 23:22:34
154,2025-07,57415.0,2,717.69,3000.0,6889.8,6889.8,1000.0,0.0,61132.69,14779.6,46353.09,2025-09-17 23:22:34
155,2025-07,78434.0,6,2941.27,3000.0,9412.08,15686.8,1000.0,0.0,84375.27,26098.88,58276.39,2025-09-17 23:22:34
156,2025-07,56508.0,7,2472.22,0.0,6780.96,6780.96,1000.0,1000.0,58980.22,15561.92,43418.3,2025-09-17 23:22:34
157,2025-07,41716.0,8,2085.8,500.0,5005.92,5005.92,1000.0,0.0,44301.8,11011.84,33289.96,2025-09-17 23:22:34
158,2025-07,63777.0,5,1993.03,0.0,7653.24,7653.24,1000.0,0.0,65770.03,16306.48,49463.55,2025-09-17 23:22:34
159,2025-07,41282.0,5,1290.06,0.0,4953.84,4953.84,1000.0,0.0,42572.06,10907.68,31664.38,2025-09-17 23:22:34
160,2025-07,55478.0,7,2427.16,2000.0,6657.36,6657.36,1000.0,0.0,59905.16,14314.72,45590.44,2025-09-17 23:22:34
161,2025-07,57721.0,5,1803.78,500.0,6926.52,6926.52,1000.0,5000.0,60024.78,19853.04,40171.74,2025-09-17 23:22:34
162,2025-07,95428.0,8,4771.4,0.0,11451.36,19085.6,1000.0,2000.0,100199.4,33536.96,66662.44,2025-09-17 23:22:34
163,2025-07,53699.0,3,1006.86,1000.0,6443.88,6443.88,1000.0,1000.0,55705.86,14887.76,40818.1,2025-09-17 23:22:34
164,2025-07,32621.0,4,815.52,3000.0,3914.52,3914.52,500.0,2000.0,36436.52,10329.04,26107.48,2025-09-17 23:22:34
165,2025-07,52302.0,10,3268.88,1000.0,6276.24,6276.24,1000.0,0.0,56570.88,13552.48,43018.4,2025-09-17 23:22:34
166,2025-07,77497.0,0,0.0,0.0,9299.64,15499.4,1000.0,0.0,77497.0,25799.04,51697.96,2025-09-17 23:22:34
167,2025-07,81271.0,7,3555.61,500.0,9752.52,16254.2,1000.0,2000.0,85326.61,29006.72,56319.89,2025-09-17 23:22:34
168,2025-07,26062.0,1,162.89,2000.0,3127.44,1303.1,500.0,0.0,28224.89,4930.54,23294.35,2025-09-17 23:22:34
169,2025-07,29632.0,4,740.8,0.0,3555.84,1481.6,500.0,2000.0,30372.8,7537.44,22835.36,2025-09-17 23:22:34
170,2025-07,33258.0,8,1662.9,0.0,3990.96,3990.96,500.0,0.0,34920.9,8481.92,26438.98,2025-09-17 23:22:34
171,2025-07,51069.0,10,3191.81,0.0,6128.28,6128.28,1000.0,2000.0,54260.81,15256.56,39004.25,2025-09-17 23:22:34
172,2025-07,117274.0,7,5130.74,0.0,14072.88,23454.8,1000.0,5000.0,122404.74,43527.68,78877.06,2025-09-17 23:22:34
173,2025-07,59529.0,4,1488.22,500.0,7143.48,7143.48,1000.0,5000.0,61517.22,20286.96,41230.26,2025-09-17 23:22:34
174,2025-07,31812.0,4,795.3,0.0,3817.44,3817.44,500.0,0.0,32607.3,8134.88,24472.42,2025-09-17 23:22:34
175,2025-07,26605.0,8,1330.25,2000.0,3192.6,1330.25,500.0,0.0,29935.25,5022.85,24912.4,2025-09-17 23:22:34
176,2025-07,69818.0,4,1745.45,1000.0,8378.16,8378.16,1000.0,0.0,72563.45,17756.32,54807.13,2025-09-17 23:22:34
177,2025-07,39043.0,5,1220.09,1000.0,4685.16,4685.16,500.0,0.0,41263.09,9870.32,31392.77,2025-09-17 23:22:34
178,2025-07,43935.0,6,1647.56,0.0,5272.2,5272.2,1000.0,0.0,45582.56,11544.4,34038.16,2025-09-17 23:22:34
179,2025-07,40954.0,5,1279.81,3000.0,4914.48,4914.48,1000.0,2000.0,45233.81,12828.96,32404.85,2025-09-17 23:22:34
180,2025-07,31469.0,6,1180.09,500.0,3776.28,3776.28,500.0,0.0,33149.09,8052.56,25096.53,2025-09-17 23:22:34
181,2025-07,80587.0,3,1511.01,500.0,9670.44,16117.4,1000.0,2000.0,82598.01,28787.84,53810.17,2025-09-17 23:22:34
182,2025-07,87533.0,4,2188.32,3000.0,10503.96,17506.6,1000.0,0.0,92721.32,29010.56,63710.76,2025-09-17 23:22:34
183,2025-07,48128.0,3,902.4,3000.0,5775.36,5775.36,1000.0,1000.0,52030.4,13550.72,38479.68,2025-09-17 23:22:34
184,2025-07,52422.0,3,982.91,2000.0,6290.64,6290.64,1000.0,1000.0,55404.91,14581.28,40823.63,2025-09-17 23:22:34
185,2025-07,62387.0,4,1559.67,0.0,7486.44,7486.44,1000.0,0.0,63946.67,15972.88,47973.79,2025-09-17 23:22:34
186,2025-07,71614.0,5,2237.94,0.0,8593.68,14322.8,1000.0,1000.0,73851.94,24916.48,48935.46,2025-09-17 23:22:34
187,2025-07,25235.0,3,473.16,3000.0,3028.2,1261.75,500.0,0.0,28708.16,4789.95,23918.21,2025-09-17 23:22:34
188,2025-07,54019.0,4,1350.47,0.0,6482.28,6482.28,1000.0,0.0,55369.47,13964.56,41404.91,2025-09-17 23:22:34
189,2025-07,30951.0,3,580.33,3000.0,3714.12,3714.12,500.0,2000.0,34531.33,9928.24,24603.09,2025-09-17 23:22:34
190,2025-07,75523.0,7,3304.13,0.0,9062.76,15104.6,1000.0,1000.0,78827.13,26167.36,52659.77,2025-09-17 23:22:34
191,2025-07,47282.0,6,1773.07,1000.0,5673.84,5673.84,1000.0,2000.0,50055.07,14347.68,35707.39,2025-09-17 23:22:34
192,2025-07,88303.0,6,3311.36,3000.0,10596.36,17660.6,1000.0,0.0,94614.36,29256.96,65357.4,2025-09-17 23:22:34
193,2025-07,63574.0,4,1589.35,0.0,7628.88,7628.88,1000.0,1000.0,65163.35,17257.76,47905.59,2025-09-17 23:22:34
194,2025-07,90558.0,8,4527.9,0.0,10866.96,18111.6,1000.0,0.0,95085.9,29978.56,65107.34,2025-09-17 23:22:34
195,2025-07,36970.0,6,1386.38,3000.0,4436.4,4436.4,500.0,5000.0,41356.38,14372.8,26983.58,2025-09-17 23:22:34
196,2025-07,56951.0,6,2135.66,500.0,6834.12,6834.12,1000.0,2000.0,59586.66,16668.24,42918.42,2025-09-17 23:22:34
197,2025-07,25922.0,4,648.05,0.0,3110.64,1296.1,500.0,0.0,26570.05,4906.74,21663.31,2025-09-17 23:22:34
198,2025-07,109484.0,2,1368.55,0.0,13138.08,21896.8,1000.0,0.0,110852.55,36034.88,74817.67,2025-09-17 23:22:34
199,2025-07,44029.0,1,275.18,500.0,5283.48,5283.48,1000.0,0.0,44804.18,11566.96,33237.22,2025-09-17 23:22:34
200,2025-07,78872.0,11,5422.45,0.0,9464.64,15774.4,1000.0,0.0,84294.45,26239.04,58055.41,2025-09-17 23:22:34
1,2025-08,63158.0,5,1973.69,0.0,7578.96,7578.96,1000.0,0.0,65131.69,16157.92,48973.77,2025-09-17 23:22:34
2,2025-08,67194.0,3,1259.89,0.0,8063.28,8063.28,1000.0,0.0,68453.89,17126.56,51327.33,2025-09-17 23:22:34
3,2025-08,41023.0,8,2051.15,0.0,4922.76,4922.76,1000.0,0.0,43074.15,10845.52,32228.63,2025-09-17 23:22:34
4,2025-08,32433.0,8,1621.65,1000.0,3891.96,3891.96,500.0,0.0,35054.65,8283.92,26770.73,2025-09-17 23:22:34
5,2025-08,53693.0,4,1342.33,0.0,6443.16,6443.16,1000.0,0.0,55035.33,13886.32,41149.01,2025-09-17 23:22:34
6,2025-08,70658.0,10,4416.12,0.0,8478.96,14131.6,1000.0,1000.0,75074.12,24610.56,50463.56,2025-09-17 23:22:34
7,2025-08,44118.0,3,827.21,3000.0,5294.16,5294.16,1000.0,1000.0,47945.21,12588.32,35356.89,2025-09-17 23:22:34
8,2025-08,75680.0,4,1892.0,0.0,9081.6,15136.0,1000.0,0.0,77572.0,25217.6,52354.4,2025-09-17 23:22:34
9,2025-08,42502.0,6,1593.82,0.0,5100.24,5100.24,1000.0,1000.0,44095.82,12200.48,31895.34,2025-09-17 23:22:34
10,2025-08,33433.0,5,1044.78,2000.0,4011.96,4011.96,500.0,0.0,36477.78,8523.92,27953.86,2025-09-17 23:22:34
11,2025-08,51483.0,5,1608.84,0.0,6177.96,6177.96,1000.0,0.0,53091.84,13355.92,39735.92,2025-09-17 23:22:34
12,2025-08,70920.0,1,443.25,1000.0,8510.4,14184.0,1000.0,1000.0,72363.25,24694.4,47668.85,2025-09-17 23:22:34
13,2025-08,26021.0,8,1301.05,2000.0,3122.52,1301.05,500.0,0.0,29322.05,4923.57,24398.48,2025-09-17 23:22:34
14,2025-08,34692.0,5,1084.12,2000.0,4163.04,4163.04,500.0,2000.0,37776.12,10826.08,26950.04,2025-09-17 23:22:34
15,2025-08,56557.0,4,1413.92,0.0,6786.84,6786.84,1000.0,0.0,57970.92,14573.68,43397.24,2025-09-17 23:22:34
16,2025-08,49253.0,11,3386.14,0.0,5910.36,5910.36,1000.0,0.0,52639.14,12820.72,39818.42,2025-09-17 23:22:34
17,2025-08,49243.0,4,1231.08,1000.0,5909.16,5909.16,1000.0,5000.0,51474.08,17818.32,33655.76,2025-09-17 23:22:34
18,2025-08,96214.0,3,1804.01,500.0,11545.68,19242.8,1000.0,0.0,98518.01,31788.48,66729.53,2025-09-17 23:22:34
19,2025-08,107592.0,3,2017.35,0.0,12911.04,21518.4,1000.0,2000.0,109609.35,37429.44,72179.91,2025-09-17 23:22:34
20,2025-08,74504.0,3,1396.95,0.0,8940.48,14900.8,1000.0,2000.0,75900.95,26841.28,49059.67,2025-09-17 23:22:34
21,2025-08,38561.0,2,482.01,0.0,4627.32,4627.32,500.0,1000.0,39043.01,10754.64,28288.37,2025-09-17 23:22:34
22,2025-08,97256.0,5,3039.25,0.0,11670.72,19451.2,1000.0,2000.0,100295.25,34121.92,66173.33,2025-09-17 23:22:34
23,2025-08,59538.0,4,1488.45,0.0,7144.56,7144.56,1000.0,0.0,61026.45,15289.12,45737.33,2025-09-17 23:22:34
24,2025-08,41773.0,6,1566.49,1000.0,5012.76,5012.76,1000.0,5000.0,44339.49,16025.52,28313.97,2025-09-17 23:22:34
25,2025-08,36910.0,4,922.75,1000.0,4429.2,4429.2,500.0,5000.0,38832.75,14358.4,24474.35,2025-09-17 23:22:34
26,2025-08,68419.0,4,1710.47,2000.0,8210.28,8210.28,1000.0,5000.0,72129.47,22420.56,49708.91,2025-09-17 23:22:34
27,2025-08,99268.0,6,3722.55,3000.0,11912.16,19853.6,1000.0,0.0,105990.55,32765.76,73224.79,2025-09-17 23:22:34
28,2025-08,61827.0,4,1545.67,0.0,7419.24,7419.24,1000.0,0.0,63372.67,15838.48,47534.19,2025-09-17 23:22:34
29,2025-08,57299.0,5,1790.59,500.0,6875.88,6875.88,1000.0,2000.0,59589.59,16751.76,42837.83,2025-09-17 23:22:34
30,2025-08,27693.0,4,692.33,0.0,3323.16,1384.65,500.0,1000.0,28385.33,6207.81,22177.52,2025-09-17 23:22:34
31,2025-08,73925.0,5,2310.16,3000.0,8871.0,14785.0,1000.0,0.0,79235.16,24656.0,54579.16,2025-09-17 23:22:34
32,2025-08,69262.0,3,1298.66,500.0,8311.44,8311.44,1000.0,0.0,71060.66,17622.88,53437.78,2025-09-17 23:22:34
33,2025-08,106373.0,3,1994.49,2000.0,12764.76,21274.6,1000.0,0.0,110367.49,35039.36,75328.13,2025-09-17 23:22:34
34,2025-08,103053.0,3,1932.24,2000.0,12366.36,20610.6,1000.0,2000.0,106985.24,35976.96,71008.28,2025-09-17 23:22:34
35,2025-08,58545.0,1,365.91,0.0,7025.4,7025.4,1000.0,2000.0,58910.91,17050.8,41860.11,2025-09-17 23:22:34
36,2025-08,65303.0,7,2857.01,500.0,7836.36,7836.36,1000.0,5000.0,68660.01,21672.72,46987.29,2025-09-17 23:22:34
37,2025-08,42675.0,2,533.44,0.0,5121.0,5121.0,1000.0,0.0,43208.44,11242.0,31966.44,2025-09-17 23:22:34
38,2025-08,36636.0,10,2289.75,0.0,4396.32,4396.32,500.0,0.0,38925.75,9292.64,29633.11,2025-09-17 23:22:34
39,2025-08,63673.0,4,1591.83,0.0,7640.76,7640.76,1000.0,0.0,65264.83,16281.52,48983.31,2025-09-17 23:22:34
40,2025-08,74717.0,4,1867.92,2000.0,8966.04,14943.4,1000.0,0.0,78584.92,24909.44,53675.48,2025-09-17 23:22:34
41,2025-08,56309.0,5,1759.66,0.0,6757.08,6757.08,1000.0,5000.0,58068.66,19514.16,38554.5,2025-09-17 23:22:34
42,2025-08,60342.0,1,377.14,2000.0,7241.04,7241.04,1000.0,0.0,62719.14,15482.08,47237.06,2025-09-17 23:22:34
43,2025-08,25197.0,3,472.44,1000.0,3023.64,1259.85,500.0,5000.0,26669.44,9783.49,16885.95,2025-09-17 23:22:34
44,2025-08,87107.0,6,3266.51,0.0,10452.84,17421.4,1000.0,0.0,90373.51,28874.24,61499.27,2025-09-17 23:22:34
45,2025-08,30811.0,2,385.14,2000.0,3697.32,3697.32,500.0,0.0,33196.14,7894.64,25301.5,2025-09-17 23:22:34
46,2025-08,60206.0,3,1128.86,1000.0,7224.72,7224.72,1000.0,1000.0,62334.86,16449.44,45885.42,2025-09-17 23:22:34
47,2025-08,44360.0,7,1940.75,500.0,5323.2,5323.2,1000.0,1000.0,46800.75,12646.4,34154.35,2025-09-17 23:22:34
48,2025-08,74384.0,3,1394.7,500.0,8926.08,14876.8,1000.0,2000.0,76278.7,26802.88,49475.82,2025-09-17 23:22:34
49,2025-08,81843.0,2,1023.04,2000.0,9821.16,16368.6,1000.0,2000.0,84866.04,29189.76,55676.28,2025-09-17 23:22:34
50,2025-08,27049.0,7,1183.39,3000.0,3245.88,1352.45,500.0,1000.0,31232.39,6098.33,25134.06,2025-09-17 23:22:34
51,2025-08,35158.0,4,878.95,3000.0,4218.96,4218.96,500.0,1000.0,39036.95,9937.92,29099.03,2025-09-17 23:22:34
52,2025-08,39499.0,5,1234.34,2000.0,4739.88,4739.88,500.0,1000.0,42733.34,10979.76,31753.58,2025-09-17 23:22:34
53,2025-08,75800.0,6,2842.5,3000.0,9096.0,15160.0,1000.0,1000.0,81642.5,26256.0,55386.5,2025-09-17 23:22:34
54,2025-08,73354.0,4,1833.85,500.0,8802.48,14670.8,1000.0,0.0,75687.85,24473.28,51214.57,2025-09-17 23:22:34
55,2025-08,113497.0,2,1418.71,3000.0,13619.64,22699.4,1000.0,5000.0,117915.71,42319.04,75596.67,2025-09-17 23:22:34
56,2025-08,53643.0,2,670.54,500.0,6437.16,6437.16,1000.0,0.0,54813.54,13874.32,40939.22,2025-09-17 23:22:34
57,2025-08,46295.0,2,578.69,500.0,5555.4,5555.4,1000.0,0.0,47373.69,12110.8,35262.89,2025-09-17 23:22:34
58,2025-08,39735.0,7,1738.41,0.0,4768.2,4768.2,500.0,0.0,41473.41,10036.4,31437.01,2025-09-17 23:22:34
59,2025-08,54830.0,4,1370.75,3000.0,6579.6,6579.6,1000.0,0.0,59200.75,14159.2,45041.55,2025-09-17 23:22:34
60,2025-08,38677.0,2,483.46,3000.0,4641.24,4641.24,500.0,0.0,42160.46,9782.48,32377.98,2025-09-17 23:22:34
61,2025-08,60352.0,4,1508.8,3000.0,7242.24,7242.24,1000.0,1000.0,64860.8,16484.48,48376.32,2025-09-17 23:22:34
62,2025-08,34007.0,5,1062.72,0.0,4080.84,4080.84,500.0,0.0,35069.72,8661.68,26408.04,2025-09-17 23:22:34
63,2025-08,118744.0,6,4452.9,2000.0,14249.28,23748.8,1000.0,5000.0,125196.9,43998.08,81198.82,2025-09-17 23:22:34
64,2025-08,60635.0,2,757.94,0.0,7276.2,7276.2,1000.0,1000.0,61392.94,16552.4,44840.54,2025-09-17 23:22:34
65,2025-08,28301.0,6,1061.29,0.0,3396.12,1415.05,500.0,1000.0,29362.29,6311.17,23051.12,2025-09-17 23:22:34
66,2025-08,35492.0,5,1109.12,0.0,4259.04,4259.04,500.0,1000.0,36601.12,10018.08,26583.04,2025-09-17 23:22:34
67,2025-08,69584.0,4,1739.6,0.0,8350.08,8350.08,1000.0,0.0,71323.6,17700.16,53623.44,2025-09-17 23:22:34
68,2025-08,71631.0,8,3581.55,3000.0,8595.72,14326.2,1000.0,2000.0,78212.55,25921.92,52290.63,2025-09-17 23:22:34
69,2025-08,46538.0,1,290.86,0.0,5584.56,5584.56,1000.0,5000.0,46828.86,17169.12,29659.74,2025-09-17 23:22:34
70,2025-08,99748.0,11,6857.67,2000.0,11969.76,19949.6,1000.0,0.0,108605.67,32919.36,75686.31,2025-09-17 23:22:34
71,2025-08,64592.0,4,1614.8,0.0,7751.04,7751.04,1000.0,5000.0,66206.8,21502.08,44704.72,2025-09-17 23:22:34
72,2025-08,115316.0,5,3603.62,2000.0,13837.92,23063.2,1000.0,1000.0,120919.62,38901.12,82018.5,2025-09-17 23:22:34
73,2025-08,35893.0,7,1570.32,0.0,4307.16,4307.16,500.0,0.0,37463.32,9114.32,28349.0,2025-09-17 23:22:34
74,2025-08,38121.0,1,238.26,500.0,4574.52,4574.52,500.0,0.0,38859.26,9649.04,29210.22,2025-09-17 23:22:34
75,2025-08,52677.0,6,1975.39,3000.0,6321.24,6321.24,1000.0,0.0,57652.39,13642.48,44009.91,2025-09-17 23:22:34
76,2025-08,115313.0,6,4324.24,0.0,13837.56,23062.6,1000.0,5000.0,119637.24,42900.16,76737.08,2025-09-17 23:22:34
77,2025-08,73096.0,8,3654.8,1000.0,8771.52,14619.2,1000.0,1000.0,77750.8,25390.72,52360.08,2025-09-17 23:22:34
78,2025-08,46606.0,4,1165.15,0.0,5592.72,5592.72,1000.0,1000.0,47771.15,13185.44,34585.71,2025-09-17 23:22:34
79,2025-08,29142.0,8,1457.1,2000.0,3497.04,1457.1,500.0,1000.0,32599.1,6454.14,26144.96,2025-09-17 23:22:34
80,2025-08,53940.0,4,1348.5,0.0,6472.8,6472.8,1000.0,0.0,55288.5,13945.6,41342.9,2025-09-17 23:22:34
81,2025-08,46136.0,4,1153.4,0.0,5536.32,5536.32,1000.0,0.0,47289.4,12072.64,35216.76,2025-09-17 23:22:34
82,2025-08,62217.0,5,1944.28,0.0,7466.04,7466.04,1000.0,0.0,64161.28,15932.08,48229.2,2025-09-17 23:22:34
83,2025-08,75816.0,8,3790.8,0.0,9097.92,15163.2,1000.0,2000.0,79606.8,27261.12,52345.68,2025-09-17 23:22:34
84,2025-08,37805.0,14,3307.94,0.0,4536.6,4536.6,500.0,0.0,41112.94,9573.2,31539.74,2025-09-17 23:22:34
85,2025-08,73952.0,7,3235.4,0.0,8874.24,14790.4,1000.0,1000.0,77187.4,25664.64,51522.76,2025-09-17 23:22:34
86,2025-08,33130.0,2,414.12,0.0,3975.6,3975.6,500.0,5000.0,33544.12,13451.2,20092.92,2025-09-17 23:22:34
87,2025-08,42253.0,4,1056.33,0.0,5070.36,5070.36,1000.0,0.0,43309.33,11140.72,32168.61,2025-09-17 23:22:34
88,2025-08,105403.0,6,3952.61,0.0,12648.36,21080.6,1000.0,0.0,109355.61,34728.96,74626.65,2025-09-17 23:22:34
89,2025-08,65247.0,5,2038.97,0.0,7829.64,7829.64,1000.0,1000.0,67285.97,17659.28,49626.69,2025-09-17 23:22:34
90,2025-08,104101.0,4,2602.53,0.0,12492.12,20820.2,1000.0,5000.0,106703.53,39312.32,67391.21,2025-09-17 23:22:34
91,2025-08,62580.0,2,782.25,0.0,7509.6,7509.6,1000.0,1000.0,63362.25,17019.2,46343.05,2025-09-17 23:22:34
92,2025-08,65257.0,5,2039.28,0.0,7830.84,7830.84,1000.0,0.0,67296.28,16661.68,50634.6,2025-09-17 23:22:34
93,2025-08,58977.0,7,2580.24,0.0,7077.24,7077.24,1000.0,0.0,61557.24,15154.48,46402.76,2025-09-17 23:22:34
94,2025-08,31833.0,8,1591.65,2000.0,3819.96,3819.96,500.0,1000.0,35424.65,9139.92,26284.73,2025-09-17 23:22:34
95,2025-08,83304.0,3,1561.95,1000.0,9996.48,16660.8,1000.0,5000.0,85865.95,32657.28,53208.67,2025-09-17 23:22:34
96,2025-08,48491.0,4,1212.28,0.0,5818.92,5818.92,1000.0,5000.0,49703.28,17637.84,32065.44,2025-09-17 23:22:34
97,2025-08,57350.0,3,1075.31,3000.0,6882.0,6882.0,1000.0,0.0,61425.31,14764.0,46661.31,2025-09-17 23:22:34
98,2025-08,43305.0,5,1353.28,1000.0,5196.6,5196.6,1000.0,0.0,45658.28,11393.2,34265.08,2025-09-17 23:22:34
99,2025-08,48267.0,5,1508.34,1000.0,5792.04,5792.04,1000.0,5000.0,50775.34,17584.08,33191.26,2025-09-17 23:22:34
100,2025-08,28412.0,4,710.3,0.0,3409.44,1420.6,500.0,5000.0,29122.3,10330.04,18792.26,2025-09-17 23:22:34
101,2025-08,72425.0,2,905.31,0.0,8691.0,14485.0,1000.0,0.0,73330.31,24176.0,49154.31,2025-09-17 23:22:34
102,2025-08,52506.0,4,1312.65,0.0,6300.72,6300.72,1000.0,0.0,53818.65,13601.44,40217.21,2025-09-17 23:22:34
103,2025-08,45150.0,3,846.56,0.0,5418.0,5418.0,1000.0,0.0,45996.56,11836.0,34160.56,2025-09-17 23:22:34
104,2025-08,81352.0,8,4067.6,3000.0,9762.24,16270.4,1000.0,1000.0,88419.6,28032.64,60386.96,2025-09-17 23:22:34
105,2025-08,111234.0,1,695.21,3000.0,13348.08,22246.8,1000.0,2000.0,114929.21,38594.88,76334.33,2025-09-17 23:22:34
106,2025-08,32400.0,3,607.5,3000.0,3888.0,3888.0,500.0,5000.0,36007.5,13276.0,22731.5,2025-09-17 23:22:34
107,2025-08,76934.0,8,3846.7,0.0,9232.08,15386.8,1000.0,0.0,80780.7,25618.88,55161.82,2025-09-17 23:22:34
108,2025-08,65259.0,4,1631.47,2000.0,7831.08,7831.08,1000.0,2000.0,68890.47,18662.16,50228.31,2025-09-17 23:22:34
109,2025-08,29167.0,4,729.17,500.0,3500.04,1458.35,500.0,0.0,30396.17,5458.39,24937.78,2025-09-17 23:22:34
110,2025-08,49689.0,3,931.67,500.0,5962.68,5962.68,1000.0,1000.0,51120.67,13925.36,37195.31,2025-09-17 23:22:34
111,2025-08,43924.0,2,549.05,0.0,5270.88,5270.88,1000.0,0.0,44473.05,11541.76,32931.29,2025-09-17 23:22:34
112,2025-08,48625.0,5,1519.53,2000.0,5835.0,5835.0,1000.0,0.0,52144.53,12670.0,39474.53,2025-09-17 23:22:34
113,2025-08,29542.0,6,1107.82,0.0,3545.04,1477.1,500.0,0.0,30649.82,5522.14,25127.68,2025-09-17 23:22:34
114,2025-08,64065.0,9,3603.66,0.0,7687.8,7687.8,1000.0,0.0,67668.66,16375.6,51293.06,2025-09-17 23:22:34
115,2025-08,53295.0,5,1665.47,2000.0,6395.4,6395.4,1000.0,0.0,56960.47,13790.8,43169.67,2025-09-17 23:22:34
116,2025-08,65262.0,7,2855.21,500.0,7831.44,7831.44,1000.0,0.0,68617.21,16662.88,51954.33,2025-09-17 23:22:34
117,2025-08,44870.0,5,1402.19,0.0,5384.4,5384.4,1000.0,0.0,46272.19,11768.8,34503.39,2025-09-17 23:22:34
118,2025-08,63178.0,5,1974.31,0.0,7581.36,7581.36,1000.0,0.0,65152.31,16162.72,48989.59,2025-09-17 23:22:34
119,2025-08,37435.0,5,1169.84,0.0,4492.2,4492.2,500.0,0.0,38604.84,9484.4,29120.44,2025-09-17 23:22:34
120,2025-08,38116.0,8,1905.8,1000.0,4573.92,4573.92,500.0,0.0,41021.8,9647.84,31373.96,2025-09-17 23:22:34
121,2025-08,49683.0,4,1242.08,0.0,5961.96,5961.96,1000.0,0.0,50925.08,12923.92,38001.16,2025-09-17 23:22:34
122,2025-08,112641.0,0,0.0,2000.0,13516.92,22528.2,1000.0,0.0,114641.0,37045.12,77595.88,2025-09-17 23:22:34
123,2025-08,36003.0,2,450.04,2000.0,4320.36,4320.36,500.0,0.0,38453.04,9140.72,29312.32,2025-09-17 23:22:34
124,2025-08,83529.0,4,2088.22,0.0,10023.48,16705.8,1000.0,1000.0,85617.22,28729.28,56887.94,2025-09-17 23:22:34
125,2025-08,113866.0,4,2846.65,500.0,13663.92,22773.2,1000.0,5000.0,117212.65,42437.12,74775.53,2025-09-17 23:22:34
126,2025-08,41023.0,9,2307.54,500.0,4922.76,4922.76,1000.0,0.0,43830.54,10845.52,32985.02,2025-09-17 23:22:34
127,2025-08,54703.0,5,1709.47,3000.0,6564.36,6564.36,1000.0,0.0,59412.47,14128.72,45283.75,2025-09-17 23:22:34
128,2025-08,49129.0,3,921.17,1000.0,5895.48,5895.48,1000.0,0.0,51050.17,12790.96,38259.21,2025-09-17 23:22:34
129,2025-08,65159.0,5,2036.22,3000.0,7819.08,7819.08,1000.0,0.0,70195.22,16638.16,53557.06,2025-09-17 23:22:34
130,2025-08,100284.0,6,3760.65,1000.0,12034.08,20056.8,1000.0,0.0,105044.65,33090.88,71953.77,2025-09-17 23:22:34
131,2025-08,62349.0,3,1169.04,0.0,7481.88,7481.88,1000.0,5000.0,63518.04,20963.76,42554.28,2025-09-17 23:22:34
132,2025-08,85990.0,3,1612.31,1000.0,10318.8,17198.0,1000.0,1000.0,88602.31,29516.8,59085.51,2025-09-17 23:22:34
133,2025-08,54548.0,3,1022.78,2000.0,6545.76,6545.76,1000.0,1000.0,57570.78,15091.52,42479.26,2025-09-17 23:22:34
134,2025-08,72712.0,9,4090.05,0.0,8725.44,14542.4,1000.0,2000.0,76802.05,26267.84,50534.21,2025-09-17 23:22:34
135,2025-08,32158.0,6,1205.93,2000.0,3858.96,3858.96,500.0,1000.0,35363.93,9217.92,26146.01,2025-09-17 23:22:34
136,2025-08,81540.0,4,2038.5,0.0,9784.8,16308.0,1000.0,1000.0,83578.5,28092.8,55485.7,2025-09-17 23:22:34
137,2025-08,35384.0,6,1326.9,0.0,4246.08,4246.08,500.0,0.0,36710.9,8992.16,27718.74,2025-09-17 23:22:34
138,2025-08,57606.0,5,1800.19,0.0,6912.72,6912.72,1000.0,2000.0,59406.19,16825.44,42580.75,2025-09-17 23:22:34
139,2025-08,51524.0,8,2576.2,0.0,6182.88,6182.88,1000.0,0.0,54100.2,13365.76,40734.44,2025-09-17 23:22:34
140,2025-08,43456.0,2,543.2,0.0,5214.72,5214.72,1000.0,5000.0,43999.2,16429.44,27569.76,2025-09-17 23:22:34
141,2025-08,98932.0,0,0.0,0.0,11871.84,19786.4,1000.0,0.0,98932.0,32658.24,66273.76,2025-09-17 23:22:34
142,2025-08,81187.0,5,2537.09,2000.0,9742.44,16237.4,1000.0,0.0,85724.09,26979.84,58744.25,2025-09-17 23:22:34
143,2025-08,53538.0,7,2342.29,3000.0,6424.56,6424.56,1000.0,0.0,58880.29,13849.12,45031.17,2025-09-17 23:22:34
144,2025-08,49285.0,3,924.09,0.0,5914.2,5914.2,1000.0,0.0,50209.09,12828.4,37380.69,2025-09-17 23:22:34
145,2025-08,40173.0,10,2510.81,2000.0,4820.76,4820.76,1000.0,2000.0,44683.81,12641.52,32042.29,2025-09-17 23:22:34
146,2025-08,38051.0,3,713.46,0.0,4566.12,4566.12,500.0,0.0,38764.46,9632.24,29132.22,2025-09-17 23:22:34
147,2025-08,36941.0,3,692.64,0.0,4432.92,4432.92,500.0,1000.0,37633.64,10365.84,27267.8,2025-09-17 23:22:34
148,2025-08,78413.0,6,2940.49,2000.0,9409.56,15682.6,1000.0,1000.0,83353.49,27092.16,56261.33,2025-09-17 23:22:34
149,2025-08,29854.0,6,1119.53,1000.0,3582.48,1492.7,500.0,2000.0,31973.53,7575.18,24398.35,2025-09-17 23:22:34
150,2025-08,67811.0,3,1271.46,1000.0,8137.32,8137.32,1000.0,5000.0,70082.46,22274.64,47807.82,2025-09-17 23:22:34
151,2025-08,49963.0,8,2498.15,0.0,5995.56,5995.56,1000.0,0.0,52461.15,12991.12,39470.03,2025-09-17 23:22:34
152,2025-08,44388.0,6,1664.55,0.0,5326.56,5326.56,1000.0,0.0,46052.55,11653.12,34399.43,2025-09-17 23:22:34
153,2025-08,41254.0,6,1547.02,0.0,4950.48,4950.48,1000.0,2000.0,42801.02,12900.96,29900.06,2025-09-17 23:22:34
154,2025-08,57415.0,2,717.69,0.0,6889.8,6889.8,1000.0,0.0,58132.69,14779.6,43353.09,2025-09-17 23:22:34
155,2025-08,78434.0,3,1470.64,0.0,9412.08,15686.8,1000.0,0.0,79904.64,26098.88,53805.76,2025-09-17 23:22:34
156,2025-08,56508.0,2,706.35,2000.0,6780.96,6780.96,1000.0,5000.0,59214.35,19561.92,39652.43,2025-09-17 23:22:34
157,2025-08,41716.0,2,521.45,0.0,5005.92,5005.92,1000.0,2000.0,42237.45,13011.84,29225.61,2025-09-17 23:22:34
158,2025-08,63777.0,8,3188.85,0.0,7653.24,7653.24,1000.0,0.0,66965.85,16306.48,50659.37,2025-09-17 23:22:34
159,2025-08,41282.0,3,774.04,2000.0,4953.84,4953.84,1000.0,5000.0,44056.04,15907.68,28148.36,2025-09-17 23:22:34
160,2025-08,55478.0,9,3120.64,2000.0,6657.36,6657.36,1000.0,1000.0,60598.64,15314.72,45283.92,2025-09-17 23:22:34
161,2025-08,57721.0,1,360.76,0.0,6926.52,6926.52,1000.0,5000.0,58081.76,19853.04,38228.72,2025-09-17 23:22:34
162,2025-08,95428.0,2,1192.85,0.0,11451.36,19085.6,1000.0,5000.0,96620.85,36536.96,60083.89,2025-09-17 23:22:34
163,2025-08,53699.0,7,2349.33,0.0,6443.88,6443.88,1000.0,0.0,56048.33,13887.76,42160.57,2025-09-17 23:22:34
164,2025-08,32621.0,3,611.64,2000.0,3914.52,3914.52,500.0,0.0,35232.64,8329.04,26903.6,2025-09-17 23:22:34
165,2025-08,52302.0,5,1634.44,0.0,6276.24,6276.24,1000.0,2000.0,53936.44,15552.48,38383.96,2025-09-17 23:22:34
166,2025-08,77497.0,2,968.71,0.0,9299.64,15499.4,1000.0,0.0,78465.71,25799.04,52666.67,2025-09-17 23:22:34
167,2025-08,81271.0,5,2539.72,500.0,9752.52,16254.2,1000.0,0.0,84310.72,27006.72,57304.0,2025-09-17 23:22:34
168,2025-08,26062.0,2,325.77,0.0,3127.44,1303.1,500.0,1000.0,26387.77,5930.54,20457.23,2025-09-17 23:22:34
169,2025-08,29632.0,9,1666.8,500.0,3555.84,1481.6,500.0,5000.0,31798.8,10537.44,21261.36,2025-09-17 23:22:34
170,2025-08,33258.0,5,1039.31,2000.0,3990.96,3990.96,500.0,2000.0,36297.31,10481.92,25815.39,2025-09-17 23:22:34
171,2025-08,51069.0,6,1915.09,3000.0,6128.28,6128.28,1000.0,0.0,55984.09,13256.56,42727.53,2025-09-17 23:22:34
172,2025-08,117274.0,5,3664.81,2000.0,14072.88,23454.8,1000.0,2000.0,122938.81,40527.68,82411.13,2025-09-17 23:22:34
173,2025-08,59529.0,3,1116.17,0.0,7143.48,7143.48,1000.0,0.0,60645.17,15286.96,45358.21,2025-09-17 23:22:34
174,2025-08,31812.0,6,1192.95,2000.0,3817.44,3817.44,500.0,0.0,35004.95,8134.88,26870.07,2025-09-17 23:22:34
175,2025-08,26605.0,4,665.12,0.0,3192.6,1330.25,500.0,0.0,27270.12,5022.85,22247.27,2025-09-17 23:22:34
176,2025-08,69818.0,6,2618.18,0.0,8378.16,8378.16,1000.0,5000.0,72436.18,22756.32,49679.86,2025-09-17 23:22:34
177,2025-08,39043.0,5,1220.09,500.0,4685.16,4685.16,500.0,5000.0,40763.09,14870.32,25892.77,2025-09-17 23:22:34
178,2025-08,43935.0,5,1372.97,0.0,5272.2,5272.2,1000.0,2000.0,45307.97,13544.4,31763.57,2025-09-17 23:22:34
179,2025-08,40954.0,5,1279.81,500.0,4914.48,4914.48,1000.0,5000.0,42733.81,15828.96,26904.85,2025-09-17 23:22:34
180,2025-08,31469.0,6,1180.09,0.0,3776.28,3776.28,500.0,2000.0,32649.09,10052.56,22596.53,2025-09-17 23:22:34
181,2025-08,80587.0,5,2518.34,0.0,9670.44,16117.4,1000.0,5000.0,83105.34,31787.84,51317.5,2025-09-17 23:22:34
182,2025-08,87533.0,6,3282.49,3000.0,10503.96,17506.6,1000.0,0.0,93815.49,29010.56,64804.93,2025-09-17 23:22:34
183,2025-08,48128.0,7,2105.6,1000.0,5775.36,5775.36,1000.0,0.0,51233.6,12550.72,38682.88,2025-09-17 23:22:34
184,2025-08,52422.0,8,2621.1,500.0,6290.64,6290.64,1000.0,1000.0,55543.1,14581.28,40961.82,2025-09-17 23:22:34
185,2025-08,62387.0,6,2339.51,0.0,7486.44,7486.44,1000.0,5000.0,64726.51,20972.88,43753.63,2025-09-17 23:22:34
186,2025-08,71614.0,7,3133.11,0.0,8593.68,14322.8,1000.0,5000.0,74747.11,28916.48,45830.63,2025-09-17 23:22:34
187,2025-08,25235.0,7,1104.03,2000.0,3028.2,1261.75,500.0,0.0,28339.03,4789.95,23549.08,2025-09-17 23:22:34
188,2025-08,54019.0,5,1688.09,500.0,6482.28,6482.28,1000.0,1000.0,56207.09,14964.56,41242.53,2025-09-17 23:22:34
189,2025-08,30951.0,1,193.44,3000.0,3714.12,3714.12,500.0,2000.0,34144.44,9928.24,24216.2,2025-09-17 23:22:34
190,2025-08,75523.0,9,4248.17,0.0,9062.76,15104.6,1000.0,1000.0,79771.17,26167.36,53603.81,2025-09-17 23:22:34
191,2025-08,47282.0,3,886.54,500.0,5673.84,5673.84,1000.0,1000.0,48668.54,13347.68,35320.86,2025-09-17 23:22:34
192,2025-08,88303.0,7,3863.26,3000.0,10596.36,17660.6,1000.0,0.0,95166.26,29256.96,65909.3,2025-09-17 23:22:34
193,2025-08,63574.0,6,2384.02,2000.0,7628.88,7628.88,1000.0,0.0,67958.02,16257.76,51700.26,2025-09-17 23:22:34
194,2025-08,90558.0,9,5093.89,3000.0,10866.96,18111.6,1000.0,5000.0,98651.89,34978.56,63673.33,2025-09-17 23:22:34
195,2025-08,36970.0,6,1386.38,0.0,4436.4,4436.4,500.0,2000.0,38356.38,11372.8,26983.58,2025-09-17 23:22:34
196,2025-08,56951.0,5,1779.72,0.0,6834.12,6834.12,1000.0,0.0,58730.72,14668.24,44062.48,2025-09-17 23:22:34
197,2025-08,25922.0,3,486.04,500.0,3110.64,1296.1,500.0,0.0,26908.04,4906.74,22001.3,2025-09-17 23:22:34
198,2025-08,109484.0,5,3421.38,500.0,13138.08,21896.8,1000.0,2000.0,113405.38,38034.88,75370.5,2025-09-17 23:22:34
199,2025-08,44029.0,6,1651.09,500.0,5283.48,5283.48,1000.0,0.0,46180.09,11566.96,34613.13,2025-09-17 23:22:34
200,2025-08,78872.0,3,1478.85,500.0,9464.64,15774.4,1000.0,0.0,80850.85,26239.04,54611.81,2025-09-17 23:22:34
