employee_id,name,email,department,position,base_salary,joining_date
1,Employee 1,emp1@demo.com,Sales,Sales Executive,63158.0,2021-08-21
2,Employee 2,emp2@demo.com,HR,HR Executive,67194.0,2021-08-21
3,Employee 3,emp3@demo.com,Sales,Sales Manager,41023.0,2021-06-21
4,Employee 4,emp4@demo.com,HR,HR Manager,32433.0,2022-05-01
5,Employee 5,emp5@demo.com,Sales,Sales Manager,53693.0,2023-12-25
6,Employee 6,emp6@demo.com,Engineering,DevOps,70658.0,2020-12-16
7,Employee 7,emp7@demo.com,Operations,Ops Manager,44118.0,2024-03-12
8,Employee 8,emp8@demo.com,Sales,Sales Manager,75680.0,2021-05-19
9,Employee 9,emp9@demo.com,Marketing,SEO Specialist,42502.0,2020-04-25
10,Employee 10,emp10@demo.com,Sales,Sales Manager,33433.0,2020-09-26
11,Employee 11,emp11@demo.com,Marketing,Content Marketer,51483.0,2022-08-15
12,Employee 12,emp12@demo.com,Finance,Analyst,70920.0,2022-02-08
13,Employee 13,emp13@demo.com,Sales,Sales Manager,26021.0,2024-06-10
14,Employee 14,emp14@demo.com,Sales,Sales Manager,34692.0,2020-10-12
15,Employee 15,emp15@demo.com,HR,HR Manager,56557.0,2022-08-14
16,Employee 16,emp16@demo.com,Sales,Sales Executive,49253.0,2023-02-15
17,Employee 17,emp17@demo.com,Marketing,Content Marketer,49243.0,2022-12-13
18,Employee 18,emp18@demo.com,Engineering,Software Engineer,96214.0,2023-01-25
19,Employee 19,emp19@demo.com,Engineering,Data Engineer,107592.0,2022-08-24
20,Employee 20,emp20@demo.com,Finance,Finance Manager,74504.0,2021-03-01
21,Employee 21,emp21@demo.com,Finance,Accountant,38561.0,2020-09-07
22,Employee 22,emp22@demo.com,Engineering,Data Engineer,97256.0,2024-08-05
23,Employee 23,emp23@demo.com,Finance,Analyst,59538.0,2021-01-03
24,Employee 24,emp24@demo.com,Marketing,Brand Manager,41773.0,2021-01-05
25,Employee 25,emp25@demo.com,HR,HR Executive,36910.0,2024-07-27
26,Employee 26,emp26@demo.com,Engineering,DevOps,68419.0,2023-03-07
27,Employee 27,emp27@demo.com,Engineering,Data Engineer,99268.0,2022-05-23
28,Employee 28,emp28@demo.com,Marketing,Brand Manager,61827.0,2023-07-27
29,Employee 29,emp29@demo.com,Finance,Analyst,57299.0,2020-10-13
30,Employee 30,emp30@demo.com,Operations,Ops Associate,27693.0,2022-12-12
31,Employee 31,emp31@demo.com,Sales,Sales Manager,73925.0,2024-11-26
32,Employee 32,emp32@demo.com,Sales,Sales Executive,69262.0,2024-01-01
33,Employee 33,emp33@demo.com,Engineering,DevOps,106373.0,2019-04-13
34,Employee 34,emp34@demo.com,Engineering,DevOps,103053.0,2021-09-05
35,Employee 35,emp35@demo.com,Engineering,DevOps,58545.0,2022-08-15
36,Employee 36,emp36@demo.com,Finance,Analyst,65303.0,2019-04-17
37,Employee 37,emp37@demo.com,Operations,Ops Associate,42675.0,2024-07-02
38,Employee 38,emp38@demo.com,Finance,Accountant,36636.0,2019-08-17
39,Employee 39,emp39@demo.com,Finance,Accountant,63673.0,2020-12-22
40,Employee 40,emp40@demo.com,Marketing,SEO Specialist,74717.0,2020-05-12
41,Employee 41,emp41@demo.com,HR,HR Manager,56309.0,2022-07-11
42,Employee 42,emp42@demo.com,Finance,Accountant,60342.0,2024-08-05
43,Employee 43,emp43@demo.com,Sales,Sales Manager,25197.0,2024-11-16
44,Employee 44,emp44@demo.com,Engineering,Software Engineer,87107.0,2021-06-16
45,Employee 45,emp45@demo.com,Marketing,Brand Manager,30811.0,2021-04-19
46,Employee 46,emp46@demo.com,HR,HR Executive,60206.0,2021-04-07
47,Employee 47,emp47@demo.com,Sales,Sales Executive,44360.0,2020-08-01
48,Employee 48,emp48@demo.com,Finance,Accountant,74384.0,2020-07-10
49,Employee 49,emp49@demo.com,Finance,Finance Manager,81843.0,2020-09-20
50,Employee 50,emp50@demo.com,Sales,Sales Executive,27049.0,2019-12-05
51,Employee 51,emp51@demo.com,Marketing,Brand Manager,35158.0,2019-09-03
52,Employee 52,emp52@demo.com,Finance,Finance Manager,39499.0,2024-08-01
53,Employee 53,emp53@demo.com,Sales,Sales Executive,75800.0,2022-06-08
54,Employee 54,emp54@demo.com,Sales,Sales Manager,73354.0,2024-09-03
55,Employee 55,emp55@demo.com,Engineering,Software Engineer,113497.0,2024-02-02
56,Employee 56,emp56@demo.com,Operations,Ops Associate,53643.0,2019-04-01
57,Employee 57,emp57@demo.com,Operations,Ops Associate,46295.0,2022-08-08
58,Employee 58,emp58@demo.com,Finance,Accountant,39735.0,2019-12-27
59,Employee 59,emp59@demo.com,Finance,Analyst,54830.0,2024-06-06
60,Employee 60,emp60@demo.com,Marketing,Brand Manager,38677.0,2021-11-02
61,Employee 61,emp61@demo.com,Marketing,Content Marketer,60352.0,2022-01-05
62,Employee 62,emp62@demo.com,Sales,Sales Executive,34007.0,2021-04-03
63,Employee 63,emp63@demo.com,Engineering,Data Engineer,118744.0,2022-12-14
64,Employee 64,emp64@demo.com,Marketing,Content Marketer,60635.0,2019-05-24
65,Employee 65,emp65@demo.com,Marketing,SEO Specialist,28301.0,2023-03-01
66,Employee 66,emp66@demo.com,Sales,Sales Executive,35492.0,2023-07-01
67,Employee 67,emp67@demo.com,Finance,Analyst,69584.0,2020-06-26
68,Employee 68,emp68@demo.com,Finance,Analyst,71631.0,2020-06-23
69,Employee 69,emp69@demo.com,HR,HR Executive,46538.0,2020-02-26
70,Employee 70,emp70@demo.com,Engineering,Data Engineer,99748.0,2020-07-26
71,Employee 71,emp71@demo.com,Finance,Analyst,64592.0,2023-12-26
72,Employee 72,emp72@demo.com,Engineering,Data Engineer,115316.0,2022-01-08
73,Employee 73,emp73@demo.com,Operations,Ops Manager,35893.0,2022-03-23
74,Employee 74,emp74@demo.com,Sales,Sales Manager,38121.0,2024-03-25
75,Employee 75,emp75@demo.com,HR,HR Executive,52677.0,2020-10-22
76,Employee 76,emp76@demo.com,Engineering,Data Engineer,115313.0,2024-06-11
77,Employee 77,emp77@demo.com,Sales,Sales Executive,73096.0,2023-12-12
78,Employee 78,emp78@demo.com,Sales,Sales Executive,46606.0,2022-06-13
79,Employee 79,emp79@demo.com,Sales,Sales Manager,29142.0,2021-07-08
80,Employee 80,emp80@demo.com,Sales,Sales Manager,53940.0,2020-12-10
81,Employee 81,emp81@demo.com,Operations,Ops Associate,46136.0,2021-12-26
82,Employee 82,emp82@demo.com,HR,HR Executive,62217.0,2023-07-09
83,Employee 83,emp83@demo.com,Sales,Sales Executive,75816.0,2020-10-01
84,Employee 84,emp84@demo.com,HR,HR Manager,37805.0,2024-09-08
85,Employee 85,emp85@demo.com,Marketing,SEO Specialist,73952.0,2023-07-05
86,Employee 86,emp86@demo.com,Operations,Ops Associate,33130.0,2022-10-16
87,Employee 87,emp87@demo.com,Finance,Accountant,42253.0,2019-12-05
88,Employee 88,emp88@demo.com,Engineering,Senior Engineer,105403.0,2023-12-16
89,Employee 89,emp89@demo.com,HR,HR Manager,65247.0,2023-07-04
90,Employee 90,emp90@demo.com,Engineering,Senior Engineer,104101.0,2023-07-26
91,Employee 91,emp91@demo.com,HR,HR Manager,62580.0,2022-02-20
92,Employee 92,emp92@demo.com,HR,HR Manager,65257.0,2019-08-05
93,Employee 93,emp93@demo.com,Marketing,Brand Manager,58977.0,2019-12-27
94,Employee 94,emp94@demo.com,Sales,Sales Manager,31833.0,2021-12-01
95,Employee 95,emp95@demo.com,Engineering,Software Engineer,83304.0,2020-11-12
96,Employee 96,emp96@demo.com,Marketing,SEO Specialist,48491.0,2024-02-19
97,Employee 97,emp97@demo.com,HR,HR Executive,57350.0,2019-10-08
98,Employee 98,emp98@demo.com,Marketing,Content Marketer,43305.0,2020-02-19
99,Employee 99,emp99@demo.com,Engineering,DevOps,48267.0,2020-05-18
100,Employee 100,emp100@demo.com,Marketing,Brand Manager,28412.0,2022-09-21
101,Employee 101,emp101@demo.com,Marketing,SEO Specialist,72425.0,2023-09-24
102,Employee 102,emp102@demo.com,Finance,Accountant,52506.0,2022-02-17
103,Employee 103,emp103@demo.com,Operations,Ops Manager,45150.0,2023-07-25
104,Employee 104,emp104@demo.com,Finance,Accountant,81352.0,2019-04-16
105,Employee 105,emp105@demo.com,Engineering,Senior Engineer,111234.0,2021-01-04
106,Employee 106,emp106@demo.com,Sales,Sales Executive,32400.0,2021-12-09
107,Employee 107,emp107@demo.com,Sales,Sales Manager,76934.0,2022-03-26
108,Employee 108,emp108@demo.com,Marketing,SEO Specialist,65259.0,2019-04-27
109,Employee 109,emp109@demo.com,Marketing,SEO Specialist,29167.0,2019-07-13
110,Employee 110,emp110@demo.com,Marketing,Content Marketer,49689.0,2024-10-05
111,Employee 111,emp111@demo.com,Finance,Finance Manager,43924.0,2021-11-18
112,Employee 112,emp112@demo.com,Sales,Sales Executive,48625.0,2020-12-17
113,Employee 113,emp113@demo.com,Marketing,Content Marketer,29542.0,2024-08-10
114,Employee 114,emp114@demo.com,Engineering,Senior Engineer,64065.0,2020-05-05
115,Employee 115,emp115@demo.com,Operations,Ops Associate,53295.0,2023-01-22
116,Employee 116,emp116@demo.com,Sales,Sales Executive,65262.0,2019-04-04
117,Employee 117,emp117@demo.com,Operations,Ops Manager,44870.0,2021-12-22
118,Employee 118,emp118@demo.com,Finance,Analyst,63178.0,2024-03-13
119,Employee 119,emp119@demo.com,Marketing,Content Marketer,37435.0,2024-10-20
120,Employee 120,emp120@demo.com,Sales,Sales Manager,38116.0,2019-07-01
121,Employee 121,emp121@demo.com,Finance,Accountant,49683.0,2024-09-17
122,Employee 122,emp122@demo.com,Engineering,Data Engineer,112641.0,2022-05-16
123,Employee 123,emp123@demo.com,Operations,Ops Associate,36003.0,2023-04-03
124,Employee 124,emp124@demo.com,Finance,Accountant,83529.0,2019-01-14
125,Employee 125,emp125@demo.com,Engineering,Software Engineer,113866.0,2019-11-12
126,Employee 126,emp126@demo.com,HR,HR Manager,41023.0,2024-12-24
127,Employee 127,emp127@demo.com,Sales,Sales Executive,54703.0,2020-12-04
128,Employee 128,emp128@demo.com,HR,HR Manager,49129.0,2022-02-05
129,Employee 129,emp129@demo.com,Engineering,Data Engineer,65159.0,2021-06-17
130,Employee 130,emp130@demo.com,Engineering,Software Engineer,100284.0,2022-12-16
131,Employee 131,emp131@demo.com,Marketing,SEO Specialist,62349.0,2021-06-18
132,Employee 132,emp132@demo.com,Finance,Accountant,85990.0,2019-02-10
133,Employee 133,emp133@demo.com,Operations,Ops Manager,54548.0,2023-07-24
134,Employee 134,emp134@demo.com,Engineering,Senior Engineer,72712.0,2020-01-11
135,Employee 135,emp135@demo.com,Marketing,Content Marketer,32158.0,2019-06-27
136,Employee 136,emp136@demo.com,Finance,Accountant,81540.0,2019-02-09
137,Employee 137,emp137@demo.com,Finance,Finance Manager,35384.0,2023-07-06
138,Employee 138,emp138@demo.com,Sales,Sales Executive,57606.0,2023-06-03
139,Employee 139,emp139@demo.com,Marketing,Brand Manager,51524.0,2023-05-10
140,Employee 140,emp140@demo.com,HR,HR Executive,43456.0,2023-09-14
141,Employee 141,emp141@demo.com,Engineering,DevOps,98932.0,2023-04-01
142,Employee 142,emp142@demo.com,Engineering,Data Engineer,81187.0,2020-10-02
143,Employee 143,emp143@demo.com,Operations,Ops Manager,53538.0,2020-12-01
144,Employee 144,emp144@demo.com,Operations,Ops Manager,49285.0,2021-09-17
145,Employee 145,emp145@demo.com,Marketing,SEO Specialist,40173.0,2020-11-19
146,Employee 146,emp146@demo.com,Operations,Ops Manager,38051.0,2020-06-18
147,Employee 147,emp147@demo.com,HR,HR Manager,36941.0,2021-03-02
148,Employee 148,emp148@demo.com,Sales,Sales Executive,78413.0,2019-08-15
149,Employee 149,emp149@demo.com,Sales,Sales Manager,29854.0,2020-03-17
150,Employee 150,emp150@demo.com,Marketing,SEO Specialist,67811.0,2020-08-17
151,Employee 151,emp151@demo.com,HR,HR Executive,49963.0,2022-08-05
152,Employee 152,emp152@demo.com,HR,HR Manager,44388.0,2020-11-11
153,Employee 153,emp153@demo.com,Finance,Finance Manager,41254.0,2019-07-23
154,Employee 154,emp154@demo.com,Finance,Analyst,57415.0,2022-08-04
155,Employee 155,emp155@demo.com,Engineering,DevOps,78434.0,2023-02-26
156,Employee 156,emp156@demo.com,Finance,Finance Manager,56508.0,2020-12-10
157,Employee 157,emp157@demo.com,Marketing,Content Marketer,41716.0,2024-01-05
158,Employee 158,emp158@demo.com,Engineering,Data Engineer,63777.0,2024-02-17
159,Employee 159,emp159@demo.com,Operations,Ops Manager,41282.0,2019-10-25
160,Employee 160,emp160@demo.com,Engineering,Senior Engineer,55478.0,2024-11-16
161,Employee 161,emp161@demo.com,Marketing,SEO Specialist,57721.0,2022-01-08
162,Employee 162,emp162@demo.com,Engineering,DevOps,95428.0,2022-08-22
163,Employee 163,emp163@demo.com,Operations,Ops Manager,53699.0,2024-08-02
164,Employee 164,emp164@demo.com,Marketing,Content Marketer,32621.0,2021-08-19
165,Employee 165,emp165@demo.com,Finance,Finance Manager,52302.0,2024-11-15
166,Employee 166,emp166@demo.com,Sales,Sales Executive,77497.0,2020-06-03
167,Employee 167,emp167@demo.com,Finance,Finance Manager,81271.0,2019-07-05
168,Employee 168,emp168@demo.com,Sales,Sales Manager,26062.0,2019-01-07
169,Employee 169,emp169@demo.com,Operations,Ops Manager,29632.0,2019-04-25
170,Employee 170,emp170@demo.com,Sales,Sales Manager,33258.0,2019-02-15
171,Employee 171,emp171@demo.com,Sales,Sales Executive,51069.0,2020-08-08
172,Employee 172,emp172@demo.com,Engineering,Data Engineer,117274.0,2020-09-05
173,Employee 173,emp173@demo.com,Operations,Ops Manager,59529.0,2021-08-27
174,Employee 174,emp174@demo.com,Marketing,Content Marketer,31812.0,2019-01-21
175,Employee 175,emp175@demo.com,Operations,Ops Associate,26605.0,2022-11-24
176,Employee 176,emp176@demo.com,Engineering,DevOps,69818.0,2023-04-24
177,Employee 177,emp177@demo.com,Operations,Ops Manager,39043.0,2021-04-15
178,Employee 178,emp178@demo.com,Operations,Ops Manager,43935.0,2024-03-25
179,Employee 179,emp179@demo.com,HR,HR Executive,40954.0,2020-03-13
180,Employee 180,emp180@demo.com,Sales,Sales Executive,31469.0,2020-06-04
181,Employee 181,emp181@demo.com,Finance,Accountant,80587.0,2019-12-15
182,Employee 182,emp182@demo.com,Engineering,Senior Engineer,87533.0,2023-11-04
183,Employee 183,emp183@demo.com,Marketing,Brand Manager,48128.0,2024-02-24
184,Employee 184,emp184@demo.com,HR,HR Executive,52422.0,2020-12-02
185,Employee 185,emp185@demo.com,Marketing,Content Marketer,62387.0,2019-05-09
186,Employee 186,emp186@demo.com,Engineering,Software Engineer,71614.0,2021-01-05
187,Employee 187,emp187@demo.com,Operations,Ops Manager,25235.0,2020-05-24
188,Employee 188,emp188@demo.com,Finance,Accountant,54019.0,2021-03-01
189,Employee 189,emp189@demo.com,Operations,Ops Manager,30951.0,2023-08-11
190,Employee 190,emp190@demo.com,Engineering,Software Engineer,75523.0,2024-03-21
191,Employee 191,emp191@demo.com,Marketing,SEO Specialist,47282.0,2021-10-04
192,Employee 192,emp192@demo.com,Engineering,Software Engineer,88303.0,2024-03-06
193,Employee 193,emp193@demo.com,Engineering,DevOps,63574.0,2019-09-17
194,Employee 194,emp194@demo.com,Engineering,DevOps,90558.0,2020-05-08
195,Employee 195,emp195@demo.com,Finance,Finance Manager,36970.0,2024-06-03
196,Employee 196,emp196@demo.com,Finance,Analyst,56951.0,2022-01-20
197,Employee 197,emp197@demo.com,Operations,Ops Associate,25922.0,2022-06-25
198,Employee 198,emp198@demo.com,Engineering,Software Engineer,109484.0,2021-07-01
199,Employee 199,emp199@demo.com,Operations,Ops Manager,44029.0,2020-10-05
200,Employee 200,emp200@demo.com,Finance,Analyst,78872.0,2024-06-13
